OBJECTID,AREA_,PERIMETER,CLASS,AREA_ACRES,SHAPEAREA,SHAPELEN
1,20288972.42497,24001.01795,109,466,20288972.42866,24001.017553
2,33452178.29366,50122.61256,020,768,33452179.52464,50122.612908
3,19100241.34482,19388.78544,109,438,19100241.51808,19388.785604
4,4308252.6294,10874.61701,117,99,4308252.4478,10874.617468
5,24046137.47532,26776.38465,113,552,24046137.32822,26776.38456
6,126649423.76464,63699.39057,103,2907,126649423.92869,63699.391023
7,91815410.39911,89489.26159,103,2108,91815410.9104,89489.260033
8,1175168076.92603,1357511.41629,020,26978,1175168074.91924,1357511.417661
9,359025.06327,2350.91304,098,8,359025.09442,2350.912897
10,122823083.58195,60563.46139,094,2820,122823083.43717,60563.460767
11,1311527.97943,4322.94056,098,30,1311528.02653,4322.940631
12,183315107.94946,81409.55648,109,4208,183315107.25264,81409.556976
13,191389285.1908,87971.05493,091,4394,191389285.269,87971.054836
14,73563383.88968,59177.89942,099,1689,73563384.22946,59177.899957
15,1781899.87928,5217.54419,098,41,1781899.83672,5217.544046
16,174738238.50827,123226.8486,119,4011,174738238.47061,123226.84979
17,255921207.5836,101467.143,094,5875,255921207.19896,101467.142259
18,601119853.13522,151370.70429,094,13800,601119852.43547,151370.704847
19,1962117.69565,5861.12922,141,45,1962117.7736,5861.12934
20,243584702.45489,76783.18797,109,5592,243584702.39215,76783.188146
21,3063378.04412,6724.02377,098,70,3063377.95178,6724.023546
22,23869512.53743,28047.87464,094,548,23869511.1695,28047.874761
23,225767216.07624,89792.30499,099,5183,225767216.26136,89792.305804
24,728986.08373,3084.26486,098,17,728986.03583,3084.26461
25,882905.54265,3713.6497,098,20,882905.50133,3713.649639
26,181042327.32323,94303.17106,103,4156,181042327.40246,94303.171435
27,3723167.50079,11034.36018,140,85,3723167.50951,11034.360134
28,247935014.84039,323055.1164,015,5692,247935014.12536,323055.11622
29,10361166.08804,15969.34676,139,238,10361165.92253,15969.346962
30,491844217.9942,177924.37339,097,11291,491844218.94186,177924.375273
31,553404.09485,3133.75392,140,13,553404.09601,3133.754023
32,501524418.99899,175088.53688,141,11513,501524419.31874,175088.536625
33,320643330.25164,144427.59703,107,7361,320643330.00492,144427.597187
34,91739328.69367,76326.67126,093,2106,91739328.38232,76326.671377
35,262118381.46028,112290.43649,097,6017,262118381.93081,112290.437099
36,8092551.10272,18477.36499,124,186,8092551.11459,18477.365077
37,844371249.99608,214508.37926,105,19384,844371249.34625,214508.378416
38,319719982.06532,141072.19475,099,7340,319719981.96385,141072.195122
39,450841486.42348,190507.77773,099,10350,450841486.92806,190507.778576
40,13000186.80711,17295.30679,119,298,13000187.00648,17295.306987
41,72416350.88243,76926.51424,097,1662,72416350.73506,76926.513012
42,181582665.25708,87698.39701,123,4169,181582665.33376,87698.397062
43,5291160.86273,12023.98528,105,121,5291160.68221,12023.985209
44,200293519.15467,109152.79754,091,4598,200293518.9126,109152.797859
45,252842845.03582,143551.87506,137,5804,252842844.77322,143551.874622
46,1433813.95112,4985.04699,094,33,1433813.90068,4985.046811
47,8996820.70322,14521.99063,094,207,8996820.62652,14521.990821
48,4602285.27307,11157.28658,094,106,4602285.1578,11157.286273
49,4899779.60658,13151.71915,094,112,4899779.61722,13151.719479
50,151454301.0378,139679.70097,121,3477,151454300.46533,139679.700905
51,6428893.14218,12177.66118,094,148,6428893.1217,12177.661055
52,29270365.4941,46342.73094,103,672,29270365.90497,46342.731077
53,7845183.89749,17409.11465,111,180,7845183.85707,17409.115283
54,7209942.40814,13416.13326,141,166,7209942.58126,13416.133566
55,30694456.14652,72830.95681,020,705,30694456.34216,72830.956217
56,10281820.13878,23964.84532,140,236,10281819.95869,23964.844617
57,475093.81024,2815.27771,140,11,475093.77106,2815.277576
58,1940515.7372,7034.08538,140,45,1940515.8006,7034.085446
59,9255630.11024,12881.15878,107,212,9255630.00923,12881.158824
60,14796239.93721,17132.29784,103,340,14796240.03926,17132.297705
61,3265574.63383,7258.53573,107,75,3265574.75484,7258.535758
62,14068302.15673,16401.84433,107,323,14068302.07132,16401.844451
63,22481013.38198,25647.95474,107,516,22481013.20231,25647.954683
64,43918519.2429,34198.46872,122,1008,43918519.43935,34198.467821
65,86226276.62199,52817.28988,108,1979,86226276.53689,52817.290313
66,1517808.73185,5230.0981,105,35,1517808.72841,5230.098082
67,17086184.20266,25252.07353,119,392,17086184.36861,25252.073403
68,61370335.90411,30672.65071,101,1409,61370336.49712,30672.650399
69,220689843.9844,93327.59299,109,5066,220689844.0926,93327.593335
70,10381948.86058,17994.91821,124,238,10381948.7989,17994.918776
71,61186025.73038,43496.96409,110,1405,61186025.68152,43496.963735
72,6990315.52527,16641.55999,141,160,6990315.58859,16641.559992
73,18259423.69999,33923.1891,118,419,18259423.99082,33923.189547
74,9674580.56803,14606.78758,119,222,9674580.47978,14606.787617
75,5682817.20083,17707.96039,118,130,5682817.29331,17707.960812
76,8118229.47076,26913.15653,117,186,8118229.52569,26913.155782
77,9647804.04561,17003.55027,100,221,9647804.01971,17003.549833
78,61874409.95466,52378.47427,115,1420,61874410.0438,52378.474441
79,26426798.2023,25917.56122,141,607,26426798.25972,25917.560894
80,44196553.21969,36729.23676,102,1015,44196553.37661,36729.236364
81,7776831.50127,13515.18384,118,179,7776831.4078,13515.183562
82,65927397.61434,48248.98111,097,1513,65927397.88529,48248.981122
83,28663539.64866,44852.82903,098,658,28663539.89685,44852.82845
84,4962500.79001,11509.17975,107,114,4962500.7307,11509.179744
85,180483615.44647,63647.41231,103,4143,180483615.73309,63647.412233
86,1223659.00881,4316.65867,107,28,1223659.03506,4316.658891
87,8379638.63984,14168.91422,103,192,8379638.55827,14168.91446
88,3873738.45924,8618.54434,117,89,3873738.48366,8618.543831
89,54721012.0374,43040.12881,115,1256,54721011.84393,43040.128711
90,5507654.73859,8907.36394,103,126,5507654.62138,8907.364014
91,73382148.00933,59561.25169,103,1685,73382148.12757,59561.250113
92,7470054.75807,11869.13718,107,171,7470054.92595,11869.137392
93,27186899.56633,25883.41788,114,624,27186899.36365,25883.417768
94,14157090.43306,20156.17669,118,325,14157090.47178,20156.17692
95,115049990.25933,48859.62841,101,2641,115049990.38765,48859.628385
96,42207732.90375,43141.58762,119,969,42207733.21904,43141.587687
97,16150162.20693,16327.16361,105,371,16150162.15608,16327.163432
98,58956308.35003,51887.96389,097,1353,58956308.4365,51887.962521
99,14417767.98777,21733.8284,120,331,14417767.68527,21733.827911
100,11341246.85492,18103.72794,119,260,11341246.86226,18103.727919
101,95093741.85415,46260.90811,105,2183,95093741.93345,46260.907561
102,27189565.20501,31681.10777,127,624,27189565.25951,31681.107805
103,119842171.88236,73166.64613,128,2751,119842171.62492,73166.645676
104,22114684.24904,49405.94545,102,508,22114683.98468,49405.945885
105,9064466.4573,21632.20935,103,208,9064466.24569,21632.209358
106,56246416.48901,54412.24844,098,1291,56246416.36188,54412.247859
107,44089917.08076,36182.07543,138,1012,44089916.7059,36182.075372
108,125053014.14476,64378.28754,119,2871,125053014.35226,64378.288098
109,11678928.07557,18279.24055,098,268,11678928.26677,18279.241282
110,125781012.34184,68086.7774,119,2888,125781013.1706,68086.777733
111,18936824.95065,22172.4409,107,435,18936825.03197,22172.441038
112,20832581.65425,29073.30008,125,478,20832581.74956,29073.300129
113,8241324.38442,15511.56316,097,189,8241324.4316,15511.563076
114,127433445.42329,82009.49604,097,2925,127433445.03215,82009.496453
115,682271793.74699,156825.98914,102,15663,682271794.56844,156825.989332
116,13433757.08338,15336.46179,101,308,13433757.0704,15336.461995
117,8493239.18027,14599.65075,135,195,8493239.18591,14599.651216
118,3969119.45257,9004.29854,097,91,3969119.56246,9004.298512
119,349252275.1956,99615.05451,101,8018,349252275.4609,99615.054126
120,6689968.80606,11156.48476,118,154,6689968.9187,11156.484929
121,191097528.11891,96756.28887,097,4387,191097527.66507,96756.289207
122,14135367.7546,19883.27603,128,325,14135367.84642,19883.276386
123,398524716.09803,134406.53916,132,9149,398524716.41706,134406.538617
124,147953885.76106,118795.88815,097,3397,147953885.67225,118795.887534
125,7920262.62005,16112.32453,131,182,7920262.49883,16112.324614
126,174042959.12811,139279.7008,099,3995,174042959.50787,139279.699921
127,157874559.17084,94466.92977,143,3624,157874558.96301,94466.928707
128,163501471.16676,173993.87997,136,3753,163501470.69322,173993.879225
129,305769908.67411,196775.96152,091,7019,305769911.31342,196775.961674
130,184909179.82825,102735.56106,148,4245,184909179.86886,102735.560282
131,2078665.64604,7984.35483,099,48,2078665.60394,7984.35493
132,487831852.38877,141162.31953,055,11199,487831851.79066,141162.319272
133,462336996.23614,204225.53688,053,10614,462336996.60165,204225.536038
134,219962066.57331,114346.39981,097,5050,219962067.39462,114346.399523
135,500754357.84076,150375.74796,093,11496,500754357.83274,150375.747885
136,7570683.61235,12555.34956,098,174,7570683.66038,12555.349644
137,5466850.53767,14539.35435,136,126,5466850.57436,14539.354193
138,756560879.51303,127394.28622,156,17368,756560879.15826,127394.2858
139,520427707.02317,134485.35914,171,11947,520427706.57649,134485.359182
140,14602668.98362,17620.07161,125,335,14602669.06438,17620.071707
141,263004564.02717,120570.92546,054,6038,263004563.7479,120570.924104
142,2611955.42368,8117.38309,146,60,2611955.53668,8117.383064
143,877907728.70501,187757.84111,047,20154,877907728.74351,187757.840434
144,365074520.15527,145820.1632,064,8381,365074520.56782,145820.163604
145,108615556.03454,52353.66249,119,2493,108615556.37662,52353.662537
146,8003817.7865,12629.07625,101,184,8003817.81966,12629.076546
147,571312.27864,5042.48493,146,13,571312.35336,5042.484626
148,344319265.31784,175528.68581,063,7904,344319264.62507,175528.686015
149,132505670.39897,48538.7019,098,3042,132505670.60159,48538.702527
150,27444742.1273,50602.94301,131,630,27444741.98238,50602.94236
151,45160241.31925,49941.62238,099,1037,45160240.92374,49941.622454
152,15662932.84423,20256.59624,118,360,15662932.98835,20256.596681
153,199449644.44279,93549.20599,149,4579,199449644.4012,93549.205261
154,46719703.40749,39479.53579,131,1073,46719703.24648,39479.535661
155,72030476.13238,64151.13485,098,1654,72030475.78268,64151.135949
156,262520051.84837,95466.03888,125,6027,262520052.50258,95466.038448
157,26423440.73202,25143.70094,126,607,26423440.85977,25143.700874
158,98755681.54883,54338.14009,102,2267,98755681.49904,54338.140246
159,17185006.63612,51169.14592,135,395,17185007.00673,51169.145633
160,131398581.69777,66999.67035,126,3016,131398582.13313,66999.671045
161,5944103.22224,11976.54364,135,136,5944103.31549,11976.543933
162,64299060.85503,58474.87599,130,1476,64299060.9906,58474.875803
163,21178341.68162,28125.68647,118,486,21178341.4158,28125.687083
164,8146365.2774,17037.78959,115,187,8146365.46416,17037.788967
165,106707662.82948,73548.64793,119,2450,106707662.80354,73548.648266
166,168416294.70088,91950.47666,126,3866,168416294.50616,91950.477726
167,37154739.45441,37938.80224,129,853,37154739.61915,37938.802611
168,7607581.86565,15660.78201,098,175,7607581.79914,15660.782353
169,76237789.29913,41382.10678,142,1750,76237789.3833,41382.107012
170,14608246.09354,39844.5951,135,335,14608245.79374,39844.594925
171,21223893.62577,37307.15358,118,487,21223893.29545,37307.15341
172,3445002.80841,9837.84282,137,79,3445002.90988,9837.842278
173,9003807.08446,17499.37143,134,207,9003806.98552,17499.371539
174,31640703.06404,40538.94753,099,726,31640702.79657,40538.946204
175,130789393.07717,83660.12996,127,3002,130789392.90712,83660.129332
176,54659832.02416,32830.09732,136,1255,54659831.87868,32830.096982
177,8349736.31287,16374.70649,129,192,8349736.21839,16374.706306
178,95595785.65072,54324.12402,106,2195,95595785.78151,54324.123626
179,80729930.39911,56021.59618,092,1853,80729930.35879,56021.595159
180,100399416.00392,70069.51789,145,2305,100399416.18083,70069.517988
181,181082827.56667,86089.63297,100,4157,181082827.36469,86089.632924
182,12805879.90309,21730.06791,146,294,12805880.00942,21730.068068
183,137377855.70421,84100.36603,147,3154,137377855.80989,84100.365943
184,25462880.21419,37021.09541,146,585,25462880.1192,37021.095737
185,52587751.61814,38222.01417,091,1207,52587751.71373,38222.014468
186,89368689.45952,77134.41772,144,2052,89368689.5953,77134.417403
187,20708122.64884,36788.85919,130,475,20708123.24942,36788.859355
188,19748586.62583,21276.00745,091,453,19748586.47592,21276.007166
189,384022558.04323,104697.15186,172,8816,384022557.88204,104697.152186
190,7024488.79338,19616.34794,146,161,7024488.79967,19616.348184
191,22701541.92418,45796.73448,118,521,22701541.67269,45796.734315
192,10635395.36022,17861.80565,098,244,10635395.13004,17861.805162
193,181161052.31703,83759.55698,126,4159,181161052.16786,83759.556721
194,13788845.83161,24754.46557,098,317,13788845.84597,24754.465687
195,226813832.28419,70857.09382,168,5207,226813831.99264,70857.093312
196,351265846.88175,82724.72458,087,8064,351265846.60198,82724.723976
197,1325606.61103,5431.13144,014,30,1325606.61696,5431.131495
198,1634016.31006,7455.8887,008,38,1634016.31966,7455.888348
199,1109308.80445,4693.63006,014,25,1109308.76986,4693.63043
200,853068.76797,3921.58529,014,20,853068.58801,3921.584833
201,983194704.01693,573541.93159,016,22571,983194703.54454,573541.93141
202,1223805585.467,382801.05026,015,28095,1223805584.72771,382801.050459
203,690505.1206,5614.29547,007,16,690505.11924,5614.295721
204,807320.5073,3885.06664,013,19,807320.52182,3885.066223
205,526714.7845,3795.2384,013,12,526714.78558,3795.238362
206,117382408.56903,139514.96805,018,2695,117382408.47779,139514.967044
207,1214433.53347,6261.09407,014,28,1214433.56725,6261.094003
208,10547124.54511,18361.95539,007,242,10547124.7329,18361.955692
209,367947.2942,2783.47134,013,8,367947.27546,2783.471148
210,2175000.34142,6815.1202,014,50,2175000.49299,6815.120397
211,369688.18056,2194.1669,002,8,369688.21681,2194.166917
212,107091217.24771,99505.24304,007,2458,107091216.97837,99505.243413
213,4547858.20264,10889.70428,002,104,4547858.12458,10889.704366
214,2012445.59135,5547.33517,002,46,2012445.69771,5547.335203
215,709339.50902,3989.92626,020,16,709339.43903,3989.926158
216,838971.2296,4308.87767,016,19,838971.29908,4308.877929
217,145574237.74779,113127.95527,019,3342,145574237.68373,113127.955327
218,1126685.81993,4528.8135,020,26,1126685.79285,4528.813722
219,247562.84821,2068.38074,013,6,247562.84229,2068.380775
220,332794.20367,2114.71628,013,8,332794.28299,2114.716458
221,7032282.32768,13353.91917,146,161,7032282.20311,13353.919595
222,14003901.59331,21205.12444,014,321,14003901.62422,21205.124365
223,267057.16193,2020.40204,013,6,267057.15219,2020.401765
224,468101273.46424,101708.62175,158,10746,468101273.69308,101708.622054
225,158424076.49964,57884.47548,050,3637,158424076.52201,57884.474822
226,2134894.98813,12611.30338,019,49,2134894.9091,12611.303316
227,2468427.64151,8466.24652,007,57,2468427.6925,8466.246186
228,9321340.76801,17436.50028,007,214,9321340.79889,17436.500423
229,7806710.85064,17345.2596,002,179,7806710.73543,17345.259678
230,10962177.71335,17725.52962,014,252,10962177.77835,17725.52854
231,22752813.59154,18545.61163,014,522,22752813.67377,18545.611712
232,1832158.81403,6387.94988,016,42,1832158.7972,6387.949479
233,183441707.73605,68964.95402,170,4211,183441707.47172,68964.954231
234,3583372.15136,9465.21556,007,82,3583372.16419,9465.215366
235,4140710.6363,10992.11239,007,95,4140710.51007,10992.112758
236,4400768.64065,13203.56702,013,101,4400768.68433,13203.567808
237,2165945.8569,7744.55076,020,50,2165945.7573,7744.551081
238,2369914.02655,6492.38884,008,54,2369914.11329,6492.388696
239,6918814.61591,12971.45554,007,159,6918814.60424,12971.454946
240,6260750.88391,17575.33093,016,144,6260750.73691,17575.330528
241,156436306.1765,58367.30995,167,3591,156436306.09397,58367.309781
242,272368737.9003,95483.07315,169,6253,272368738.61709,95483.072765
243,27292364.79547,27648.16355,094,627,27292364.719,27648.16336
244,121319393.53139,68906.0871,052,2785,121319393.41888,68906.08688
245,4001440.38244,15100.9496,146,92,4001440.42332,15100.949492
246,327045525.01335,69162.34634,162,7508,327045524.89713,69162.346901
247,186487257.99963,58402.22018,005,4281,186487258.96984,58402.22085
248,8940864.83486,19210.36307,146,205,8940864.94587,19210.362929
249,349514706.66174,106368.52552,048,8024,349514706.75371,106368.525862
250,267637895.46127,186295.34171,005,6144,267637895.29176,186295.341503
251,73053944.97159,134162.54837,015,1677,73053944.89523,134162.548265
252,57297626.9378,77181.47367,020,1315,57297626.87886,77181.474737
253,1147589.20197,4754.20853,013,26,1147589.34334,4754.208775
254,318480872.77262,97443.79337,049,7311,318480872.91094,97443.793653
255,87777268.71879,56858.49985,051,2015,87777268.83754,56858.499469
256,4117441.54099,9686.67962,013,95,4117442.05723,9686.679883
257,502696161.30191,153906.61791,065,11540,502696160.33596,153906.618138
258,85378216.16263,54491.15203,002,1960,85378216.38103,54491.15184
259,458177732.53039,103386.91111,155,10518,458177732.32482,103386.911041
260,90184945.55875,50418.06968,062,2070,90184945.25651,50418.069399
261,14823631.39262,23026.63266,008,340,14823631.47401,23026.632854
262,17996537.56372,38788.83347,016,413,17996537.40299,38788.833556
263,640900.69471,4270.05162,020,15,640900.78388,4270.051664
264,11333194.69427,16056.10034,005,260,11333194.89724,16056.100681
265,144775161.22421,55290.56197,165,3324,144775161.97726,55290.56205
266,1518436.21464,9853.25679,019,35,1518436.24611,9853.256866
267,1471138.68185,5486.57388,007,34,1471138.76657,5486.573669
268,25410517.6644,56062.36632,013,583,25410517.60992,56062.366504
269,3288316.08768,7449.15518,019,75,3288316.18894,7449.155384
270,25793938.14463,51147.05366,020,592,25793938.24982,51147.053956
271,170928651.26469,62363.78866,166,3924,170928651.09011,62363.78852
272,14451184.15045,15734.3161,020,332,14451184.1891,15734.316115
273,10770489.15085,29788.28167,019,247,10770489.20959,29788.281327
274,4981769.02581,16667.22875,013,114,4981768.88563,16667.228789
275,3543873.35597,10029.25384,016,81,3543873.21227,10029.254437
276,554146099.41658,110994.32284,159,12721,554146099.32948,110994.323848
277,2792622.70449,8802.39247,014,64,2792622.56997,8802.392975
278,2931384.75305,8963.4028,002,67,2931384.77982,8963.402952
279,2388472.3096,13453.61216,002,55,2388472.25913,13453.612247
280,250438317.77215,108476.35939,061,5749,250438317.31726,108476.359891
281,3388516.03089,11990.8255,007,78,3388515.98079,11990.825346
282,2434458.77,10347.96788,013,56,2434458.91351,10347.967727
283,6563700.79709,12163.05348,013,151,6563700.66331,12163.053353
284,32729116.36344,34853.79407,020,751,32729116.32782,34853.794135
285,252275434.6779,63583.12484,165,5791,252275434.47658,63583.124967
286,1281826.62616,4724.84284,014,29,1281826.59197,4724.842587
287,6259497.56664,11515.45492,008,144,6259497.52081,11515.454864
288,10885334.96907,18785.05867,020,250,10885334.68762,18785.058878
289,14164993.88959,24400.16685,016,325,14164993.70462,24400.167043
290,695860.08868,4062.04725,019,16,695860.07822,4062.047508
291,44573864.47389,69758.6333,020,1023,44573864.24088,69758.632522
292,793379.98456,5419.94438,017,18,793380.02968,5419.944526
293,244332853.25187,181817.37098,005,5609,244332853.26607,181817.372025
294,4980808.11782,8483.79779,004,114,4980807.97526,8483.797897
295,487118684.19177,176451.32383,068,11183,487118684.61473,176451.323737
296,3364069.91979,7938.91023,017,77,3364070.04493,7938.910361
297,342324054.67271,119605.31578,153,7859,342324054.68159,119605.316457
298,1894961.61961,7605.92725,014,44,1894961.63034,7605.927675
299,418172230.08187,113267.98267,079,9600,418172229.39118,113267.982169
300,495639.62417,2909.09979,002,11,495639.64289,2909.099786
301,23049104.29252,57820.41772,999,529,23049104.28403,57820.417598
302,2854578.23053,8315.34783,020,66,2854578.27288,8315.347979
303,775143440.40174,323656.77416,015,17795,775143440.1569,323656.773854
304,1994583.74254,5845.48995,014,46,1994583.76706,5845.49006
305,89310369.6125,99527.77117,013,2050,89310369.44464,99527.771703
306,4023973.18428,8786.5113,016,92,4023973.09076,8786.511283
307,1122620.20171,4158.68066,018,26,1122620.19615,4158.680703
308,1221395.46483,5856.11806,016,28,1221395.43602,5856.117457
309,4573900.42179,9813.11109,020,105,4573900.39776,9813.110932
310,2123207.49903,7271.30387,011,49,2123207.22075,7271.303673
311,6007169.10601,10461.60446,016,138,6007169.05911,10461.604413
312,1370660.50446,5127.07629,016,31,1370660.57856,5127.07658
313,2272528.74242,7001.59538,073,52,2272528.85662,7001.595332
314,1131150.20056,4615.04936,004,26,1131150.28194,4615.049345
315,3670784.58793,10641.22177,016,84,3670784.59297,10641.221642
316,1011070.00843,4928.44899,015,23,1011070.01961,4928.449105
317,1031803.20783,3977.42,020,24,1031803.18949,3977.419876
318,89708661.88326,58256.33637,075,2059,89708662.34498,58256.336221
319,2680594.24905,6588.35484,008,62,2680594.1917,6588.354609
320,295372629.82798,81924.3628,085,6781,295372630.40352,81924.362983
321,109706465.80769,56322.89975,164,2519,109706465.19974,56322.899866
322,13004893.6318,35958.23332,007,299,13004893.44083,35958.233902
323,36374805.629,61117.97486,019,835,36374805.71862,61117.974225
324,8406109.46889,14283.83562,017,193,8406109.49566,14283.835643
325,25986175.32966,46231.60769,013,597,25986175.13363,46231.607641
326,2129819.78406,5460.10383,014,49,2129819.80607,5460.103951
327,22197301.61492,29016.96596,019,510,22197301.41122,29016.965864
328,2128206.02328,10288.97895,015,49,2128206.08618,10288.979075
329,1696136.7605,6661.21381,017,39,1696136.79016,6661.213907
330,706153.57671,3466.98025,016,16,706153.58697,3466.980169
331,1765491.45674,5040.41521,016,41,1765491.53656,5040.415466
332,11781423.76707,13892.96395,016,270,11781423.5642,13892.963972
333,18575652.55119,26736.57553,016,426,18575652.50884,26736.576015
334,1421096.77411,4547.14199,014,33,1421096.71414,4547.142435
335,451523.88605,2469.89748,019,10,451523.8168,2469.897235
336,595605.92131,4403.97746,014,14,595605.96768,4403.977373
337,5712357.58815,14019.61867,014,131,5712357.63736,14019.618564
338,11237265.36117,18971.39483,020,258,11237265.40419,18971.394832
339,377574025.38877,115408.59409,160,8668,377574025.74388,115408.59377
340,14107727.2167,18469.25666,002,324,14107727.41622,18469.256503
341,1354314.11058,6346.58607,017,31,1354314.18616,6346.586372
342,146244716.7693,50925.08972,046,3357,146244716.64416,50925.090303
343,11076677.26051,15670.96372,020,254,11076677.32135,15670.963496
344,1615577.37573,8412.12359,015,37,1615577.44009,8412.123586
345,95453456.09592,39992.82934,060,2191,95453456.36917,39992.828846
346,10686213.61707,18227.98904,005,245,10686213.58003,18227.989238
347,65665905.52213,60250.17238,002,1507,65665905.89075,60250.172467
348,627448.74761,4475.76118,013,14,627448.76794,4475.760574
349,2179881.40727,7076.58314,004,50,2179881.43384,7076.582603
350,148768554.29554,91495.06291,058,3415,148768553.9844,91495.063312
351,17796086.83427,30089.85465,017,409,17796087.0681,30089.854932
352,2474148.23621,7365.87457,020,57,2474148.1321,7365.874719
353,12099699.55103,19012.10793,007,278,12099699.58865,19012.108006
354,479195836.42594,91841.38646,083,11001,479195834.08673,91841.386339
355,8432757.45989,23177.80374,007,194,8432757.46541,23177.803792
356,5016343.57019,12862.58704,005,115,5016343.94385,12862.587117
357,2794993.15952,8187.33516,013,64,2794993.23924,8187.335194
358,35582459.94347,59351.89967,019,817,35582460.03474,59351.899764
359,91229088.39516,71842.03916,074,2094,91229088.61178,71842.038945
360,36125221.41138,41958.51981,068,829,36125221.36347,41958.520408
361,6712398.7345,11146.81303,013,154,6712398.85774,11146.813193
362,59979565.86353,55282.48782,017,1377,59979565.90268,55282.486917
363,9380216.11128,17942.31932,019,215,9380216.0108,17942.319326
364,40402527.61076,66575.67244,020,928,40402528.10055,66575.672526
365,28995916.1491,28039.92162,059,666,28995916.15871,28039.921507
366,123607775.18189,50912.99839,057,2838,123607775.27877,50912.997838
367,477328.49762,3019.08057,002,11,477328.53385,3019.080482
368,24409851.50312,34825.84798,999,560,24409851.81768,34825.847816
369,830471.76532,4674.2668,002,19,830471.73321,4674.266724
370,1389417.42795,6658.23976,016,32,1389417.44079,6658.23942
371,987399.55659,4363.72251,015,23,987399.4619,4363.722305
372,17366854.4125,38916.1417,007,399,17366854.32142,38916.141231
373,250031650.32388,78634.52574,154,5740,250031650.16567,78634.524897
374,8069587.41397,14660.9413,016,185,8069587.25972,14660.940722
375,141229873.16173,72448.0919,161,3242,141229873.32695,72448.092252
376,15721125.54068,16992.88278,004,361,15721125.3945,16992.882495
377,13081310.25288,24604.25692,004,300,13081310.10512,24604.25632
378,1385969.68848,5832.65265,015,32,1385969.63243,5832.652669
379,3256184.70424,8161.76932,013,75,3256184.68614,8161.7691
380,5101952.89677,9694.64719,015,117,5101952.79838,9694.647264
381,4480557.39315,11109.62356,004,103,4480557.18803,11109.623409
382,2224985.80004,8179.42247,020,51,2224985.94531,8179.42239
383,14733954.49514,27412.53682,020,338,14733954.60353,27412.536906
384,1832840.11711,8168.03407,011,42,1832840.06637,8168.03422
385,5306207.57001,11797.38173,056,122,5306207.48564,11797.381866
386,13806945.34736,17455.98391,076,317,13806945.55923,17455.984446
387,98555414.46939,87904.31667,008,2263,98555414.6172,87904.316931
388,6944987.68352,17501.77056,011,159,6944987.70983,17501.770484
389,860415.15827,5272.04915,016,20,860415.13488,5272.049042
390,305020.86374,2047.98041,002,7,305020.85025,2047.98019
391,3919941.14583,8707.77479,011,90,3919941.14672,8707.774774
392,1821511.28517,5330.65369,007,42,1821511.2539,5330.653573
393,320418171.44257,109899.28981,081,7356,320418172.16139,109899.289908
394,158149268.34152,96105.79991,007,3631,158149268.60661,96105.800055
395,729034.52271,3450.74983,020,17,729034.57275,3450.75
396,274645843.43512,132849.95098,068,6305,274645843.08511,132849.953347
397,236472351.83206,128268.48767,014,5429,236472351.34854,128268.486879
398,1449552.93526,5626.33188,011,33,1449553.00809,5626.331985
399,79838326.19681,90897.05483,017,1833,79838325.82642,90897.055452
400,189754525.6411,139835.14802,006,4356,189754526.37676,139835.149088
401,4057347.67086,8602.39785,013,93,4057347.69892,8602.397966
402,310348.32802,2130.12733,011,7,310348.25361,2130.127216
403,56884972.62233,81166.75656,088,1306,56884972.97441,81166.756472
404,546173.55284,3150.97599,011,13,546173.51967,3150.975434
405,950090.40927,5403.30469,013,22,950090.45727,5403.304799
406,1255173.3547,4763.96434,004,29,1255173.37672,4763.964171
407,1055137.72086,5807.11674,020,24,1055137.84498,5807.117109
408,1023617.15454,3806.45841,002,23,1023617.10186,3806.45813
409,32290840.58167,70395.83786,016,741,32290840.66748,70395.838013
410,4392995.72538,11204.63749,013,101,4392995.6834,11204.637418
411,1072809407.2459,298408.26736,007,24628,1072809411.79227,298408.266916
412,3375738.41472,7653.29015,002,77,3375738.45492,7653.290261
413,4646554.97606,7944.64381,013,107,4646555.15004,7944.643933
414,446684.28735,2853.24405,011,10,446684.27676,2853.244224
415,158280047.43226,67751.87986,082,3634,158280047.3237,67751.880698
416,4660571.01354,11109.52923,013,107,4660570.98026,11109.528701
417,93736308.54508,58349.02761,007,2152,93736308.62006,58349.027501
418,1864753.71144,6973.08555,020,43,1864753.71649,6973.085611
419,2742160.2984,7599.07367,014,63,2742160.26851,7599.0736
420,1534835.00235,6560.89038,011,35,1534835.01456,6560.890446
421,68359673.30422,78407.37902,004,1569,68359672.99559,78407.381151
422,626972.936,3793.66001,011,14,626972.92548,3793.660276
423,467769.72477,2536.13742,011,11,467769.68487,2536.137353
424,220304077.96848,146176.58784,088,5057,220304078.43542,146176.587735
425,1358842.58905,4990.43132,004,31,1358842.5902,4990.431246
426,2238007.58949,8177.15319,013,51,2238007.51007,8177.153215
427,175522634.82932,109476.66063,007,4029,175522634.31804,109476.661346
428,692871616.51973,783524.1848,015,15906,692871617.2559,783524.186924
429,1552675.26392,6208.52845,013,36,1552675.21996,6208.528346
430,262627957.24078,131697.27822,015,6029,262627957.64077,131697.278094
431,1849188.15826,9173.31979,007,42,1849187.8723,9173.31968
432,824551.95817,3574.78295,002,19,824551.97976,3574.782955
433,9142150.31199,14154.9045,077,210,9142150.32236,14154.904367
434,613592.50348,3782.97342,002,14,613592.48912,3782.973365
435,7148684.2082,18391.48746,013,164,7148684.55774,18391.487651
436,17592784.28026,23197.81441,018,404,17592784.2163,23197.814192
437,61460496.19687,33584.8433,010,1411,61460496.41248,33584.842652
438,43112409.17914,67779.75861,006,990,43112409.44449,67779.759013
439,6397613.95968,12307.47073,016,147,6397614.06022,12307.470506
440,8297688.54798,22836.64199,013,190,8297688.4008,22836.64185
441,2349841.52783,9906.14751,007,54,2349841.52659,9906.147435
442,340702442.56961,83904.44168,078,7821,340702442.48331,83904.441888
443,3570264.51538,8366.80727,072,82,3570264.46027,8366.807081
444,128367771.52449,56156.94611,087,2947,128367771.43197,56156.946098
445,413316517.47635,113112.28525,081,9488,413316517.00612,113112.285724
446,6353675.6464,11875.44477,020,146,6353675.4527,11875.444671
447,2877015.57489,10101.43631,006,66,2877015.4575,10101.436132
448,2972016.01562,9108.76185,019,68,2972015.99539,9108.761996
449,887547.50915,3842.24283,020,20,887547.47113,3842.242701
450,12926888.83105,35387.60636,999,297,12926888.82031,35387.605959
451,3814050.68427,8954.08869,019,88,3814050.73147,8954.088591
452,16224428.04508,18697.01149,004,372,16224427.96296,18697.011656
453,12102067.19825,18774.9291,016,278,12102067.17464,18774.929151
454,1154229.88295,4189.66806,002,26,1154229.97243,4189.668169
455,14930948.04609,38723.88995,016,343,14930948.27229,38723.890498
456,8573134.4385,21338.4487,020,197,8573134.28223,21338.449018
457,17322259.74426,41378.53662,016,398,17322259.89406,41378.536601
458,4073357.01383,13545.78579,011,94,4073357.01206,13545.785403
459,4054885.09038,15491.79614,004,93,4054885.10534,15491.796265
460,461203.74875,3295.45103,011,11,461203.71586,3295.450993
461,7516924.63644,16293.07655,016,173,7516924.48279,16293.076504
462,374526241.27074,322088.11088,007,8598,374526241.07558,322088.112114
463,226369.90084,2284.44684,011,5,226369.89763,2284.446611
464,123307630.7348,156111.78932,013,2831,123307630.58759,156111.79029
465,2306069.89616,10345.45671,002,53,2306069.91969,10345.456836
466,2858755.05881,8927.72417,011,66,2858755.06291,8927.724409
467,4989328.62454,9510.81022,013,115,4989328.60178,9510.810341
468,2367845.81304,10565.11059,014,54,2367845.95237,10565.110679
469,3684400.60136,16731.83144,015,85,3684400.60989,16731.831748
470,9404651.23681,25626.56525,011,216,9404651.18188,25626.565733
471,8614331.61701,25469.51809,014,198,8614331.46148,25469.518035
472,7887111.91192,15063.31003,007,181,7887111.74856,15063.309914
473,2576534.93035,9429.44974,019,59,2576534.9588,9429.44979
474,33079053.38096,49667.13787,020,759,33079053.29891,49667.137335
475,7916678.16788,14340.72619,004,182,7916678.18565,14340.726059
476,23945027.68449,25654.28938,014,550,23945027.63079,25654.289069
477,68998749.60909,64897.19178,002,1584,68998749.57094,64897.191457
478,2020399.68721,5321.83396,004,46,2020399.71761,5321.833823
479,1446572.48791,8502.95673,019,33,1446572.60154,8502.956638
480,471998.87751,3217.33033,020,11,471998.89294,3217.330029
481,29245029.44322,28392.9942,018,671,29245029.55792,28392.994145
482,25124705.04102,33276.7141,019,577,25124705.2231,33276.714038
483,30490207.74618,78941.47568,007,700,30490207.92064,78941.475053
484,26572072.05371,31996.90618,007,610,26572072.38484,31996.905527
485,188834832.80841,224956.49647,013,4335,188834832.3537,224956.496068
486,1208238.98937,7176.93089,013,28,1208238.94265,7176.930973
487,7444788.47245,11582.61234,007,171,7444788.45664,11582.612357
488,363913.52106,2328.41447,011,8,363913.52091,2328.414628
489,195252855.91086,99104.00045,035,4482,195252856.50409,99104.000705
490,3868042.48302,10422.46996,014,89,3868042.41751,10422.470067
491,836069.07468,4989.22554,007,19,836069.05015,4989.225575
492,6449845.56566,12369.74899,007,148,6449845.78688,12369.749347
493,1345212.90254,5570.47275,013,31,1345212.83119,5570.472669
494,273282225.35625,210587.16898,013,6274,273282225.26016,210587.170349
495,434399.88814,3090.50181,013,10,434399.88374,3090.501858
496,141900083.84751,86663.41232,002,3258,141900084.02917,86663.411777
497,1503591.03589,7112.19659,016,35,1503590.99442,7112.197413
498,622240117.04394,229437.85161,006,14285,622240116.96277,229437.852003
499,2896567.91917,9962.02304,006,66,2896567.93735,9962.022942
500,676702195.43648,190197.52197,021,15535,676702195.46757,190197.521706
501,1488548.89203,5256.11564,003,34,1488549.00331,5256.115734
502,954963.69416,6946.81923,019,22,954963.5763,6946.819606
503,17252846.42367,19841.68951,018,396,17252846.54729,19841.68917
504,2452346.63849,6697.41035,002,56,2452346.58819,6697.410232
505,1073471.71587,3985.59255,002,25,1073471.71212,3985.592573
506,10251858.32276,18765.15418,004,235,10251858.46223,18765.154622
507,30642182.60984,43763.10259,013,703,30642182.49761,43763.103205
508,1207855.55824,6693.81937,013,28,1207855.54819,6693.819246
509,415151.81102,2458.7173,002,10,415151.815,2458.717198
510,44152356.39759,64256.10882,007,1014,44152356.39184,64256.110271
511,2417471.96915,9265.57506,020,55,2417472.01037,9265.574848
512,5644215.09784,18794.55296,019,130,5644214.99519,18794.55287
513,8360840.58526,15238.35679,004,192,8360840.56593,15238.356582
514,195918105.28241,62554.5531,080,4498,195918105.15492,62554.553407
515,73319532.05073,60287.3668,007,1683,73319531.65106,60287.366213
516,10503331.89107,18031.15805,006,241,10503331.91161,18031.158451
517,38421687.30473,32399.10237,005,882,38421687.31219,32399.102587
518,1564086.13485,9515.69332,013,36,1564086.08264,9515.692935
519,9027365.78015,16476.00783,013,207,9027365.82085,16476.007943
520,2999963.9786,7286.17145,013,69,2999963.95603,7286.171687
521,6185407.52742,19000.91777,006,142,6185407.7421,19000.918539
522,214340638.85595,116069.85816,034,4921,214340638.31635,116069.858705
523,28091758.8359,26592.17296,044,645,28091759.30278,26592.173033
524,4039468.55823,12451.29482,013,93,4039468.55168,12451.294812
525,3374153.24948,7804.44446,002,77,3374153.21175,7804.444444
526,2308583.53528,8219.47537,017,53,2308583.55429,8219.475609
527,8555439.11282,13886.36491,004,196,8555439.0856,13886.365162
528,67421059.53572,43133.78528,006,1548,67421059.67103,43133.785588
529,4953369.39934,9232.5452,014,114,4953369.52875,9232.545438
530,24639322.40713,45603.45349,088,566,24639322.503,45603.453884
531,2529034.08364,9022.92022,017,58,2529033.99663,9022.919825
532,2423787.13394,9260.25805,011,56,2423787.27955,9260.257903
533,928943.60092,4441.40533,011,21,928943.59498,4441.405688
534,4888011.98441,12057.95059,013,112,4888012.23508,12057.95046
535,3043285.19185,8179.11223,013,70,3043285.24268,8179.111936
536,3892983.15968,11091.17456,002,89,3892983.07945,11091.174535
537,292495437.62716,289650.22084,007,6715,292495437.30901,289650.221722
538,105806237.53899,77656.88777,066,2429,105806238.24428,77656.888057
539,262175409.55787,80739.48458,036,6019,262175409.58628,80739.484871
540,813350735.58664,193800.43909,028,18672,813350736.06408,193800.439942
541,636052.11943,3012.55407,002,15,636052.14318,3012.553825
542,2158643.05962,7130.90845,013,50,2158643.05884,7130.908506
543,231858532.8042,121870.1045,008,5323,231858532.55179,121870.105197
544,319452.67431,2172.68424,002,7,319452.65408,2172.683978
545,1213421.82895,7563.8817,013,28,1213421.78756,7563.881863
546,572940429.56652,375259.64306,006,13153,572940429.13215,375259.644602
547,662086.01778,3155.12598,002,15,662086.00886,3155.125886
548,279108.53663,2241.87258,011,6,279108.50615,2241.872752
549,88562748.07696,76818.35979,069,2033,88562748.14722,76818.359931
550,802571.76722,4354.80968,004,18,802571.74662,4354.809444
551,245542871.23677,175558.10206,066,5637,245542871.11286,175558.101686
552,83577540.4931,119433.68613,002,1919,83577540.01857,119433.685484
553,141345948.78432,90599.28932,066,3245,141345948.7698,90599.289015
554,485686.57545,4057.76558,011,11,485686.51148,4057.765596
555,1637477.68152,5452.04214,013,38,1637477.73772,5452.04211
556,130330179.5678,78097.393,013,2992,130330179.40781,78097.391924
557,4699117.33275,19405.71121,020,108,4699117.56567,19405.711669
558,9753806.6367,17286.21021,011,224,9753806.70168,17286.209986
559,1042361.71507,5153.15833,020,24,1042361.67391,5153.158322
560,1379096.27603,7463.02096,007,32,1379096.3897,7463.020971
561,16928650.81514,47126.96052,002,389,16928650.67894,47126.960044
562,20579334.71422,28130.09045,002,472,20579334.81508,28130.090532
563,24974528.11022,50949.69655,016,573,24974528.07526,50949.696064
564,21278615.1363,33097.27444,006,488,21278615.56487,33097.274094
565,3679515.2869,12048.20573,016,84,3679515.24536,12048.205198
566,4385792.97566,12259.93881,007,101,4385793.05935,12259.938938
567,4934769.15428,13658.631,016,113,4934769.10785,13658.630825
568,79950306.95551,41897.92159,025,1835,79950306.9131,41897.922006
569,10498478.17607,21426.05981,013,241,10498478.05588,21426.059555
570,1588076.11652,9689.25738,020,36,1588076.20589,9689.257487
571,15239192.8065,22911.12076,003,350,15239193.06416,22911.120932
572,1463420.997,7926.37147,003,34,1463421.1828,7926.371439
573,3935543.93828,9884.01622,002,90,3935544.01042,9884.016714
574,3824753.71942,9819.03156,006,88,3824753.65839,9819.031516
575,4379065.38751,11476.11138,014,101,4379065.09524,11476.111335
576,1301780.19804,4349.52954,014,30,1301780.14168,4349.529496
577,1644063.67547,6457.13023,013,38,1644063.74173,6457.129896
578,751128.11314,4825.61321,011,17,751128.10352,4825.613113
579,51897765.35121,46850.41448,067,1191,51897765.13533,46850.414036
580,2307820.59575,11310.80687,011,53,2307820.69737,11310.806735
581,25564482.80804,76689.9524,015,587,25564482.30885,76689.952153
582,7262418.2327,12323.28752,004,167,7262418.30566,12323.287793
583,17273861.69996,17639.62038,002,397,17273861.70576,17639.620258
584,1074685.9696,5846.48274,013,25,1074686.04123,5846.482578
585,8726731.31791,15659.62841,002,200,8726731.13751,15659.627979
586,3859182.23641,11800.73116,017,89,3859182.33368,11800.73147
587,2744836.33012,11129.54405,088,63,2744836.3379,11129.543721
588,8071513.02658,17007.59359,011,185,8071512.83728,17007.594126
589,7533834.69707,20256.961,006,173,7533834.70337,20256.960407
590,14053332.86061,29781.93256,013,323,14053332.57895,29781.932872
591,46860917.8737,44953.75739,002,1076,46860917.9295,44953.757278
592,446424.73432,2718.82577,002,10,446424.77318,2718.825705
593,537544.85774,3239.67032,013,12,537544.81091,3239.669954
594,730464.2683,3789.66488,013,17,730464.2525,3789.665011
595,1153019.38729,4112.58438,017,26,1153019.39004,4112.584436
596,923528.31035,4254.77801,017,21,923528.25052,4254.777911
597,605051.30955,3926.03823,008,14,605051.31397,3926.038535
598,2597726.18317,8528.86131,003,60,2597726.03011,8528.8612
599,617052018.47566,144348.47325,031,14166,617052018.4571,144348.473948
600,341900432.08899,92396.46271,030,7849,341900432.02672,92396.46377
601,463581.40335,2571.62236,002,11,463581.36628,2571.622214
602,1302645.67446,5351.07422,003,30,1302645.70703,5351.074022
603,18010935.40694,21441.17923,011,413,18010935.6023,21441.17903
604,1937453.12927,12455.67952,017,44,1937453.07368,12455.679067
605,10034952.67597,17097.258,016,230,10034952.59377,17097.258027
606,2356990989.17887,1301609.2567,006,54109,2356990989.95268,1301609.259958
607,12287974.44934,18803.67594,002,282,12287974.5287,18803.676089
608,97163690.48128,46489.79902,026,2231,97163690.88182,46489.799372
609,5493759.04531,12176.43178,003,126,5493759.09707,12176.431905
610,33122083.78995,31161.79078,089,760,33122083.98729,31161.790743
611,53405751.43539,64789.39021,013,1226,53405751.72265,64789.389695
612,17473250.77573,27762.12085,016,401,17473250.82584,27762.120726
613,17196994.68489,19580.3582,043,395,17196994.49064,19580.358067
614,9067418.44909,13442.90673,69,208,9067418.32155,13442.906842
615,1886744.71838,6163.89903,017,43,1886744.69321,6163.899116
616,68909872.70395,56318.73188,033,1582,68909872.59181,56318.732609
617,11941830.83381,22824.78507,006,274,11941830.88367,22824.78535
618,1021381.91261,5859.2396,003,23,1021381.92053,5859.239741
619,4046250.12657,9797.24444,007,93,4046250.19427,9797.244369
620,9453931.50965,14177.81623,013,217,9453931.4331,14177.816323
621,87441288.57306,55947.45623,002,2007,87441288.48821,55947.45741
622,24214982.11743,26232.92951,007,556,24214982.10601,26232.929144
623,15361081.34595,28382.74546,007,353,15361081.42691,28382.746641
624,2670765.58502,7012.7693,016,61,2670765.64502,7012.769311
625,8270454.70779,17237.93616,006,190,8270454.89347,17237.936336
626,3312807.2248,11337.06776,016,76,3312807.26883,11337.067631
627,266197.48157,2164.33621,011,6,266197.51069,2164.336359
628,3661521.64929,17836.02559,007,84,3661521.79366,17836.025888
629,7443859.91868,13997.02072,002,171,7443859.81339,13997.020797
630,2901153.18501,11293.74518,017,67,2901153.15174,11293.745785
631,4549886.99532,11503.96752,013,104,4549887.02853,11503.967326
632,6497771.6868,19718.44297,011,149,6497771.7609,19718.443328
633,71374715.23607,33848.00176,042,1639,71374715.30017,33848.001691
634,164407417.27203,86192.54281,040,3774,164407417.1188,86192.542769
635,99368022.67299,146739.51151,014,2281,99368023.09522,146739.509878
636,598762.39777,3318.13638,011,14,598762.41402,3318.136534
637,509048076.16559,176783.94674,022,11686,509048075.56627,176783.946672
638,1946006.86353,5727.64164,006,45,1946006.75429,5727.64151
639,1096035.35642,4664.07018,017,25,1096035.37402,4664.070006
640,1338525.83079,4959.16429,006,31,1338525.85622,4959.164062
641,497569.47451,2544.62478,007,11,497569.39203,2544.624578
642,1115909.99872,4551.40537,007,26,1115910.0578,4551.405583
643,2187013.08366,7174.73352,003,50,2187013.03877,7174.73355
644,659897.37912,3950.24993,008,15,659897.2257,3950.249999
645,337073361.15482,208086.84797,013,7738,337073360.5696,208086.848927
646,7908759.73623,13915.03579,008,182,7908759.83516,13915.036156
647,82125276.6133,132697.68475,006,1885,82125276.65324,132697.684096
648,703580.99234,3281.0592,002,16,703581.00858,3281.059308
649,536422.93206,2841.76672,013,12,536422.90366,2841.766958
650,246422783.72861,90635.68963,002,5657,246422784.2108,90635.690331
651,2152776.1571,6095.971,013,49,2152776.12027,6095.970928
652,4113159.61237,8489.38464,002,94,4113159.63509,8489.384407
653,2513952.81178,11044.79394,012,58,2513952.7139,11044.794028
654,105389582.13502,125824.63715,002,2419,105389582.20798,125824.636332
655,784169.04837,4962.28926,013,18,784169.00479,4962.289226
656,466757.20868,2658.83023,009,11,466757.18798,2658.82998
657,1694625.57773,5316.30075,002,39,1694625.52534,5316.301033
658,526431.05045,3170.11718,007,12,526431.01106,3170.117166
659,51749775.23344,61542.53276,006,1188,51749775.00431,61542.532694
660,14407622.43044,25471.96347,006,331,14407622.50444,25471.963547
661,16012244.61489,40227.30976,007,368,16012244.77379,40227.309995
662,51209857.05057,32191.28379,027,1176,51209856.95868,32191.28383
663,23741428.90176,30676.85032,008,545,23741429.10813,30676.850149
664,4530557.60248,15622.70599,013,104,4530557.36592,15622.705952
665,1626576.25718,5794.08172,008,37,1626576.09854,5794.081394
666,3015118.5172,12525.5968,016,69,3015118.53908,12525.597411
667,13178635.97788,18825.06863,013,303,13178635.93124,18825.068488
668,41297972.00785,45410.04103,006,948,41297972.28458,45410.041448
669,8266917.17724,17430.08139,006,190,8266917.24676,17430.081799
670,11763507.94618,19224.30132,006,270,11763507.86951,19224.301141
671,3639028.98431,8667.28698,016,84,3639028.7834,8667.286987
672,1440019.66263,6660.42382,017,33,1440019.63869,6660.423615
673,367860877.25909,281977.14645,089,8445,367860877.37662,281977.145144
674,566694.88762,3830.70237,013,13,566694.81733,3830.702513
675,2060686.47662,6475.11292,002,47,2060686.45157,6475.112855
676,1707137.26849,5415.97212,002,39,1707137.32961,5415.972359
677,7533607.73876,18576.23986,014,173,7533607.79627,18576.240157
678,605468.37485,2987.9902,002,14,605468.28192,2987.989953
679,3557575.49196,8766.85888,013,82,3557575.5492,8766.859228
680,5099518.20363,10488.27785,006,117,5099518.33266,10488.277968
681,1551998.01429,11133.29183,016,36,1551997.99034,11133.292066
682,15715719.59265,31243.10061,007,361,15715719.56106,31243.10059
683,2954483.62566,8909.9659,003,68,2954483.68935,8909.965627
684,2030910.66562,5223.29529,002,47,2030910.67486,5223.295233
685,1341673.81503,7866.67235,016,31,1341673.71856,7866.672133
686,967391.18935,5861.2125,016,22,967391.18386,5861.212508
687,390874.62713,2442.78193,002,9,390874.6779,2442.781883
688,8108838.92602,13160.73349,013,186,8108839.01906,13160.733334
689,1208004.45326,4969.06118,006,28,1208004.45868,4969.061249
690,265839535.90081,77225.54197,045,6103,265839536.44945,77225.541836
691,3175188.04636,11636.09773,007,73,3175188.03575,11636.098143
692,8642692.42939,20257.73199,016,198,8642692.40006,20257.732029
693,7205901.04868,11315.08068,012,165,7205901.12243,11315.08033
694,7174752.0651,16742.46216,017,165,7174752.17009,16742.462502
695,6379231.95964,16445.59344,006,146,6379231.9786,16445.593989
696,103938342.77374,64849.87019,007,2386,103938343.18176,64849.870189
697,1585297.30618,6226.50653,008,36,1585297.32533,6226.506551
698,516585.89378,3266.50267,013,12,516585.81584,3266.502855
699,989164.42515,5893.37203,008,23,989164.38486,5893.372159
700,5812288.39478,16527.62352,014,133,5812288.40324,16527.623655
701,1527384.72986,8407.15977,013,35,1527384.79941,8407.159887
702,18244260.09532,21658.30092,012,419,18244260.26466,21658.301463
703,280988.81155,2503.31718,013,6,280988.8225,2503.317454
704,1212500.68997,4260.95603,013,28,1212500.64958,4260.955888
705,689631.66578,3458.83036,002,16,689631.60633,3458.830419
706,8055409.19999,13854.67672,007,185,8055409.4357,13854.676875
707,5094032.87028,15575.53622,017,117,5094032.81612,15575.535943
708,1853582.52644,5933.93098,002,43,1853582.65681,5933.930825
709,27446088.2084,37431.37611,002,630,27446088.0394,37431.375118
710,35648315.16154,37825.2151,024,818,35648315.57356,37825.215529
711,2041293.23209,7140.43302,017,47,2041293.33414,7140.432813
712,11109012.19675,39147.26094,002,255,11109012.23823,39147.260707
713,1375188.77186,5565.10364,007,32,1375188.77969,5565.103611
714,10815322.98978,26343.25599,003,248,10815323.01062,26343.255368
715,2338030.94743,8474.26096,007,54,2338030.8099,8474.260901
716,273592278.08268,95766.75291,037,6281,273592276.83603,95766.752321
717,2331262.42121,7549.49213,013,54,2331262.43683,7549.492113
718,27316548.94263,32477.35381,009,627,27316548.90435,32477.353774
719,3010827.77304,12245.80726,017,69,3010827.63318,12245.80725
720,21859053.78632,22558.95747,007,502,21859053.55634,22558.957185
721,3317078.13139,20296.66195,015,76,3317078.30879,20296.661846
722,438268308.70389,118908.04561,032,10061,438268307.93442,118908.046056
723,82181651.55115,59545.31483,012,1887,82181651.50242,59545.314603
724,3678416.2573,10356.97263,006,84,3678416.24693,10356.972954
725,7048013.61848,16825.93783,017,162,7048013.66789,16825.937905
726,19070941.2477,52181.83126,007,438,19070941.42781,52181.830972
727,3138119.04205,7746.11523,009,72,3138119.13912,7746.115324
728,31082033.52479,32702.63436,013,714,31082033.65688,32702.63451
729,1535701.42437,8326.43046,004,35,1535701.32572,8326.430494
730,22127972.66949,67282.8016,017,508,22127972.91898,67282.80049
731,1410142.9997,9271.16718,015,32,1410142.84938,9271.166864
732,380383849.72507,368661.24012,016,8732,380383849.64662,368661.241205
733,473098.40276,3515.62527,009,11,473098.35077,3515.625278
734,1224143.31936,4236.04878,013,28,1224143.34697,4236.048984
735,248928973.18228,231450.35071,017,5715,248928973.59832,231450.349658
736,996401.81291,4020.32215,002,23,996401.88036,4020.322204
737,218014552.00767,93569.31844,013,5005,218014551.69338,93569.31818
738,1342726975.47951,479032.81149,006,30825,1342726975.61457,479032.811597
739,115136267.94027,100754.54974,013,2643,115136267.59272,100754.549753
740,2194206.73968,6815.92221,003,50,2194206.73248,6815.922301
741,421473580.00549,421817.77183,006,9676,421473580.32825,421817.774468
742,1358329.52966,4930.40296,016,31,1358329.58222,4930.403016
743,1102151.45336,5133.15555,013,25,1102151.48782,5133.155715
744,2965864.2842,6834.8043,002,68,2965864.2366,6834.8044
745,418811.26508,2666.95083,007,10,418811.35818,2666.951053
746,6164073.19784,11003.41683,007,142,6164073.13019,11003.416944
747,116956760.26375,102288.74443,002,2685,116956760.88072,102288.746013
748,1676544.19771,7413.316,006,38,1676544.22059,7413.316054
749,4605626.35179,9401.88493,006,106,4605626.51136,9401.884615
750,877926.70396,5086.51676,017,20,877926.68721,5086.516774
751,1843318.97117,6631.52819,020,42,1843318.94811,6631.527616
752,339145.57797,2812.39432,006,8,339145.56512,2812.39453
753,863608.86196,3802.63513,013,20,863608.78522,3802.634929
754,429714.59755,2659.27481,006,10,429714.60037,2659.274652
755,1013867.63211,3937.46515,007,23,1013867.65399,3937.465361
756,739366.15115,3985.2956,002,17,739366.11646,3985.295268
757,1360225.04195,5172.97514,013,31,1360224.9451,5172.97501
758,1344432.33177,5351.85197,013,31,1344432.38138,5351.852035
759,3196089.64496,10083.37464,013,73,3196089.56158,10083.374523
760,832126.70499,3718.6819,009,19,832126.7118,3718.681949
761,3774509.91664,9708.02728,003,87,3774509.99311,9708.027749
762,4951311.98319,11301.63637,007,114,4951312.09029,11301.636211
763,121087.67361,1302.05738,013,3,121087.66172,1302.057408
764,39952952.11154,40450.99158,013,917,39952952.15456,40450.991389
765,13725771.2547,22414.66476,003,315,13725771.27426,22414.664798
766,11014433.42448,17405.48053,013,253,11014433.29479,17405.480873
767,67963834.24784,61113.59327,016,1560,67963834.35117,61113.592667
768,53620038.73631,44246.81122,134,1231,53620038.47811,44246.811916
769,60827740.21439,46370.72159,124,1396,60827740.67899,46370.72164
770,299182827.50738,105372.05549,120,6868,299182827.87629,105372.055702
771,6262527.51142,9100.79584,123,144,6262527.12058,9100.795735
772,28482030.3361,22714.1125,123,654,28482030.79737,22714.112607
773,417985605.46597,168212.94719,124,9596,417985605.88214,168212.946549
774,2269691474.09118,438713.31466,120,52105,2269691480.05633,438713.314292
775,33017083.38824,46262.68442,111,758,33017083.90621,46262.684182
776,56746560.93827,58670.40045,124,1303,56746558.40243,58670.400005
777,4581430032.13023,557315.55757,120,105175,4581430031.60926,557315.55655
778,334984203.05882,184762.55382,120,7690,334984202.31985,184762.553677
779,91357727.84158,41876.83691,124,2097,91357727.83444,41876.836928
780,178112345.45554,169600.05584,20,4089,178112344.99383,169600.056234
781,151368767.24071,125901.32523,180,3475,151368767.49777,125901.324594
782,89966716.9717,55518.6392,119,2065,89966717.21894,55518.639047
783,12254155.41391,27605.35483,139,281,12254155.51193,27605.353736
784,110552313.89236,68618.43335,103,2538,110552313.88341,68618.43306
785,6885250.0776,11603.49941,107,158,6885249.77358,11603.498747
786,8780025.13107,11228.09521,103,202,8780025.19703,11228.095387
787,20337492.32525,18825.41641,103,467,20337492.39452,18825.416349
788,33910171.7601,23525.80856,103,778,33910171.63982,23525.808179
789,2096159.90435,10820.66226,007,48,2096159.90105,10820.662343
790,33358143.91034,44598.02569,016,766,33358143.75828,44598.024736
791,21438100.27771,28187.66756,003,492,21438100.25195,28187.667484
792,8072347.54123,12830.60611,017,185,8072347.56897,12830.606004
793,10810197.62101,21234.69426,016,248,10810197.64047,21234.694509
794,15581547.58905,26047.27289,015,358,15581547.51745,26047.27229
795,8437811.14107,17006.09816,003,194,8437811.16054,17006.098048
796,1008738.78895,5324.33775,009,23,1008738.82749,5324.337738
797,1681947.2655,6884.48041,014,39,1681947.2962,6884.480622
798,1560515.19375,4972.16651,014,36,1560515.11011,4972.166408
799,5738146.44622,11734.93293,017,132,5738146.33976,11734.933143
800,31045235.38094,43159.03256,015,713,31045235.94804,43159.031721
801,45284090.38356,72564.36453,003,1040,45284090.17043,72564.36429
802,8801543.14422,21905.24703,003,202,8801542.92748,21905.246404
803,2249747.64003,13116.44437,016,52,2249747.54903,13116.444777
804,112714013.42812,76611.63666,017,2588,112714012.31825,76611.636433
805,6436527.11608,15393.64933,002,148,6436527.19976,15393.649664
806,27570094.68985,30456.26911,014,633,27570094.71954,30456.269608
807,84526498.43296,95193.62988,003,1940,84526499.09073,95193.629609
808,9617632.9486,31046.29198,016,221,9617633.04795,31046.291265
809,2630983.52286,12890.76347,003,60,2630983.43002,12890.763525
810,7236866.40986,15860.69567,003,166,7236866.41421,15860.695305
811,12150875.0086,22797.49353,012,279,12150875.07149,22797.493445
812,39756778.84892,41784.49178,002,913,39756779.11841,41784.492028
813,23212944.71988,29384.24984,175,533,23212944.57557,29384.250028
814,2071950.04945,5479.74297,176,48,2071950.03054,5479.743052
815,6669039.98087,9844.64225,176,153,6669040.0334,9844.642157
816,4392518.79364,9936.38922,175,101,4392518.62309,9936.388744
817,479487071.81299,216427.67385,120,11007,479487071.51832,216427.673901
818,1543951976.52709,359671.70252,121,35444,1543951978.22124,359671.701458
819,15681783.13316,16765.61414,124,360,15681783.25973,16765.614583
820,5064528392.51965,919999.61116,134,116265,5064528386.25256,919999.610484
821,674271703.50547,109073.33084,124,15479,674271703.49349,109073.330653
822,113913741.45582,77517.0271,004,2615,113913741.32529,77517.028323
823,4176282.83823,11929.99712,015,96,4176283.07705,11929.997422
824,21813897.8648,21460.66134,004,501,21813898.16507,21460.661414
825,7509153.82135,14023.84241,013,172,7509153.77859,14023.842396
826,14335632.17314,21073.64501,013,329,14335632.40363,21073.645205
827,10812031.99072,31525.0641,003,248,10812031.28822,31525.064498
828,69556372.67251,51506.69296,151,1597,69556373.22583,51506.692656
829,77065183.45747,65589.82402,173,1769,77065183.41894,65589.824261
830,44469259.30969,33050.77764,174,1021,44469259.03776,33050.777259
831,133519602.98293,121677.92758,176,3065,133519602.96395,121677.927361
832,13676660.02443,44040.27514,111,314,13676659.70696,44040.275937
833,35248363.74237,40068.58053,009,809,35248363.68497,40068.580633
834,384024.59871,2962.58589,017,9,384024.59036,2962.585881
835,8804882.07847,14028.06928,105,202,8804882.2139,14028.069139
836,81795842.38907,42712.55169,105,1878,81795842.96135,42712.5516
837,371870221.25266,97385.53759,096,8537,371870220.44836,97385.537656
838,251274288.26117,83379.20184,180,5768,251274288.45043,83379.20201
839,278808699.86664,101734.62429,177,6401,278808700.44732,101734.625288
840,22393381.16812,20520.9865,119,514,22393381.1175,20520.986284
841,140969988.09355,60555.45538,120,3236,140969988.18745,60555.455656
842,13246026.37208,28167.86293,116,304,13246026.45696,28167.863552
843,9370570.55095,14859.53862,117,215,9370570.83384,14859.538822
844,31350333.85,37636.60387,112,720,31350334.31715,37636.602679
845,59138271.50355,55686.66636,152,1358,59138272.0484,55686.665869
846,2270618.53126,6241.42477,151,52,2270618.46362,6241.424953
847,5618754.06786,13537.71729,141,129,5618753.99822,13537.717513
848,18341612.35847,26026.89974,118,421,18341612.28221,26026.900119
849,901006236.672,250072.47787,133,20684,901006235.04975,250072.477625
850,61962965.60233,78082.2407,150,1422,61962964.71451,78082.240948
851,54427452.35581,42992.96426,100,1249,54427452.06393,42992.964668
852,209160443.00103,66763.59237,111,4802,209160444.34631,66763.591787
853,884447.83676,3861.71402,178,20,884447.84514,3861.71395
854,6599198.03035,17115.9704,173,151,6599197.90977,17115.970205
855,14103539.24367,19460.32706,179,324,14103539.48911,19460.327132
856,214742195.75654,120727.14772,179,4930,214742195.91723,120727.14848
857,30556878.58852,71665.3383,111,701,30556878.5006,71665.337521
858,156800880.94895,210795.54132,178,3600,156800880.55865,210795.541421
859,2240316148.34034,364998.2151,123,51430,2240316147.731,364998.215172
860,9395708.05251,14310.07195,124,216,9395708.0055,14310.071851
861,29708531.75672,32750.57991,120,682,29708531.44102,32750.57973
862,9297614.46483,14639.6478,123,213,9297614.83046,14639.647774
863,43566599.58649,26812.69986,123,1000,43566599.78193,26812.699851
864,13673164.97256,20505.44333,123,314,13673164.90609,20505.44292
865,19864551.62341,17506.94736,120,456,19864551.75471,17506.94735
866,54493739.46885,33661.12898,120,1251,54493738.75412,33661.128762
867,17371327.93918,16637.02388,124,399,17371328.39552,16637.024378
868,2016045806.75399,584987.04152,134,46282,2016045808.21328,584987.043692
869,28720676.94709,20140.03854,134,659,28720677.80071,20140.038827
870,27607668.86001,22060.08016,123,634,27607668.52265,22060.079784
871,22759562.6276,18747.52657,120,522,22759562.61163,18747.52619
872,50111641.09259,41554.22973,120,1150,50111640.91844,41554.229524
873,50290044.06836,31998.81937,123,1154,50290044.74887,31998.819667
874,21107805.4321,16550.67429,123,485,21107805.20749,16550.673912
875,17553820.61122,17355.50285,123,403,17553821.25632,17355.502512
876,29247443.64677,20180.22987,123,671,29247444.17422,20180.230061
877,27633162.44186,19612.21233,123,634,27633162.71856,19612.212376
878,15875900.35617,14721.56564,123,364,15875900.31574,14721.565603
879,114865519.93513,45351.6924,124,2637,114865520.57255,45351.692331
880,19251150.32947,27658.56147,124,442,19251149.69738,27658.561714
881,5564249.1277,12100.42219,124,128,5564249.3058,12100.422211
882,1373668.29475,4799.71688,151,32,1373668.36769,4799.717251
883,87.84217,48.8759,098,0,87.84156,48.875994
884,49319219.34838,33098.13127,103,1132,49319219.27623,33098.131696
885,510112604.59137,502793.95048,098,11711,510112604.02409,502793.948287
886,1140522255.22952,159804.34466,163,26183,1140522256.48687,159804.344088
887,414097154.0367,235558.04136,007,9506,414097153.67608,235558.042464
888,186870994.99087,116493.70923,004,4290,186870994.77338,116493.708495
889,109134881.39069,121297.19423,006,2505,109134881.27181,121297.194942
890,435980239.85082,194797.35046,013,10009,435980240.61869,194797.349659
891,4180962.60251,10057.07899,003,96,4180962.66188,10057.079425
892,1007105.95916,3885.23422,004,23,1007105.95382,3885.234115
893,476878.68358,2771.34288,013,11,476878.72482,2771.342765
894,1637492.02508,8194.64939,016,38,1637491.95412,8194.649492
895,368177673.15767,238897.13817,013,8452,368177673.34582,238897.136732
896,216147840.68671,103268.687,014,4962,216147840.40854,103268.68665
897,660936.59931,4715.04692,016,15,660936.64641,4715.046811
898,336659595.7769,324830.34198,013,7729,336659596.0115,324830.342812
899,67920435.54965,106585.42743,013,1559,67920435.54559,106585.42844
900,1508530878.44459,902383.3263,090,34631,1508530879.12725,902383.324397
901,95764695.7189,221466.34367,002,2198,95764695.26459,221466.342461
902,18250176.97683,17906.99848,120,419,18250177.53888,17906.998647
903,70385239.8731,63890.17142,123,1616,70385239.72749,63890.171569
904,19810680.15284,22051.07558,134,455,19810680.01893,22051.075846
905,43771969.31579,30372.61186,123,1005,43771969.43763,30372.612336
906,242306891.36735,75854.14579,123,5563,242306891.83441,75854.145756
907,41323010.98848,28080.27162,123,949,41323010.93005,28080.271418
908,306894871.20868,136009.95429,120,7045,306894870.42584,136009.954989
909,428467168.39239,193176.06623,120,9836,428467168.08125,193176.066051
910,2280529692.69793,868748.15061,134,52354,2280529691.70564,868748.151139
911,739270319.43306,217005.3036,120,16971,739270319.99341,217005.302271
912,32858753.80656,33219.24115,123,754,32858753.20576,33219.241157
913,65181222.0055,37329.1276,120,1496,65181222.10866,37329.127797
914,366599498.35006,163934.42405,120,8416,366599495.90377,163934.424564
915,334749906.43868,139707.602,124,7685,334749907.98107,139707.602269
916,44432466.28557,33086.32141,134,1020,44432466.67449,33086.321707
917,20901373.09009,23467.40278,124,480,20901372.72139,23467.402861
918,29479761.2278,21864.16463,120,677,29479760.89209,21864.164685
919,41483786.17678,37290.85039,120,952,41483785.66173,37290.85029
920,67557994.63498,39610.522,120,1551,67557995.31231,39610.521992
921,212078691.87905,98229.45885,134,4869,212078691.67158,98229.458641
922,167077501.88234,96065.24109,124,3836,167077500.78437,96065.241206
923,40898443.95036,25171.70122,124,939,40898443.74224,25171.701236
924,151642992.43674,57204.45167,124,3481,151642992.63703,57204.451806
925,63158660.42082,34114.3502,124,1450,63158660.64817,34114.350096
926,91812119.45071,46674.22924,124,2108,91812118.99595,46674.229313
927,508815647.89831,135388.54887,124,11681,508815649.21136,135388.548151
928,6666315.99115,22700.2742,016,153,6666315.88414,22700.274189
929,2236521.38932,6038.43741,013,51,2236521.38983,6038.437441
930,4271708.54384,11757.7946,018,98,4271708.39821,11757.794473
931,464613.09349,2717.04629,002,11,464613.08383,2717.046257
932,717329.76014,4238.60689,012,16,717329.74108,4238.606698
933,2951081.81546,6763.79142,003,68,2951081.83513,6763.791353
934,1071597.71705,5819.7316,016,25,1071597.66709,5819.7319
935,6586858.07238,14046.69765,016,151,6586858.03185,14046.698081
936,15419863.29617,17183.00342,002,354,15419863.29328,17183.003397
937,2199764.79294,7127.52709,006,50,2199764.84043,7127.527023
938,4184219.25565,9809.67753,017,96,4184219.28399,9809.677337
939,1239055.61712,6207.54839,006,28,1239055.51084,6207.548239
940,2094407.89762,6638.05138,006,48,2094407.93255,6638.051507
941,31387863.76436,36981.15337,003,721,31387864.07673,36981.153625
942,2906532.22058,12072.28009,006,67,2906532.30554,12072.280205
943,634074.09227,4260.65666,003,15,634074.1155,4260.656525
944,384015.36539,2885.49673,003,9,384015.46403,2885.496908
945,474447.95835,2846.08568,003,11,474448.00591,2846.085429
946,17396240.80089,21208.49237,007,399,17396241.08988,21208.492172
947,9149586.23391,13579.38817,015,210,9149586.50542,13579.388553
948,2776037.93421,7316.33801,013,64,2776037.74685,7316.337839
949,1796473.72056,9660.01624,016,41,1796473.62512,9660.016201
950,395742.46492,2475.67245,017,9,395742.44245,2475.672586
951,39074465.92756,76040.84534,020,897,39074465.59841,76040.845851
952,394840795.54563,145234.00535,094,9064,394840796.11955,145234.00563
953,21950204.12884,22410.85748,020,504,21950204.29893,22410.856999
954,183932750.26186,105478.098,095,4222,183932750.89452,105478.097916
955,1074966417.30645,322688.60929,111,24678,1074966417.56399,322688.608752
956,72627118.20843,71361.435,104,1667,72627118.19298,71361.434535
957,1457476171.01259,313016.76433,110,33459,1457476171.61407,313016.765045
958,3359803.85432,7605.24709,002,77,3359804.14039,7605.247425
959,2370303.09752,10553.51434,016,54,2370303.15723,10553.514245
960,682423.84651,3283.43348,006,16,682423.77715,3283.433296
961,61806936.10286,69578.33195,002,1419,61806935.81422,69578.332029
962,14079517.20283,27434.59772,016,323,14079517.37831,27434.597992
963,92652035.72072,58127.53915,017,2127,92652036.73232,58127.53929
964,7340826.71063,20745.8539,013,169,7340826.59652,20745.853971
965,2308789.51249,7492.65368,020,53,2308789.4919,7492.653716
966,30657428.02931,30466.24299,014,704,30657428.12076,30466.242849
967,13990522.96641,25177.21473,012,321,13990522.93173,25177.215118
968,6946456.44005,15825.93926,003,159,6946456.77012,15825.939541
969,78871234.49445,63736.50767,090,1811,78871234.52463,63736.507062
970,2067192.9445,5633.36992,013,47,2067192.98229,5633.369732
971,17480104.20233,22536.04648,151,401,17480103.98782,22536.046532
972,203191900.09579,123233.79319,124,4665,203191900.80038,123233.793041
973,4534454.57295,9654.19643,124,104,4534454.74138,9654.195978
974,6369731.12771,12196.07415,152,146,6369730.94184,12196.073818
975,3180.77743,424.07794,118,0,3180.76395,424.077655
976,2829377719.86292,571119.73401,100,64953,2829377720.21772,571119.733293
977,6135245.81944,14844.60989,179,141,6135245.96915,14844.610537
978,2767108.9158,9995.36419,111,64,2767108.9511,9995.364241
979,2464255.77155,8711.3958,020,57,2464255.76547,8711.395986
980,6364109.44375,15455.23103,007,146,6364109.43442,15455.231019
981,3222243.46568,7834.57035,016,74,3222243.47369,7834.570272
982,1896810.27817,7289.5096,006,44,1896810.48776,7289.509713
983,3607381.1945,13784.17397,017,83,3607381.26027,13784.173969
984,6580173.4537,12335.69633,016,151,6580173.62815,12335.696711
985,22789579.21508,24213.88884,003,523,22789579.2607,24213.889366
986,16317498.33568,41012.60112,016,375,16317498.30813,41012.601086
987,1297082.77879,5320.88159,013,30,1297082.68582,5320.881505
988,8934659.46625,40810.93427,007,205,8934659.63916,40810.934557
989,7360980.3593,15327.4909,016,169,7360980.27701,15327.490736
990,73726947.05457,70171.21218,017,1693,73726946.56797,70171.211315
991,17428911.37881,33579.85241,003,400,17428911.8676,33579.852738
992,18640042.05551,25514.54195,009,428,18640042.11531,25514.541971
993,10691197.89517,23819.78904,007,245,10691198.00622,23819.788844
994,2138168.6067,5830.27032,013,49,2138168.51935,5830.270345
995,12261667.37422,38787.51716,002,281,12261667.50801,38787.516984
996,11908562.84644,15122.92993,002,273,11908562.80461,15122.929878
997,6440100.87204,9984.56908,002,148,6440100.89456,9984.569088
998,7106857.9636,10793.54868,013,163,7106858.04409,10793.548684
999,1522332.56678,5604.76161,009,35,1522332.511,5604.762098
1000,9312843.11436,17715.62163,013,214,9312843.21034,17715.621792
1001,2568356.79113,9864.67155,010,59,2568356.85384,9864.67158
1002,4054792.41682,11008.16541,006,93,4054792.33118,11008.16539
1003,61054358.84011,83207.60776,006,1402,61054358.38259,83207.608007
1004,4247063.33435,8232.78392,007,97,4247063.32513,8232.783843
1005,1198328.38871,5635.52206,003,28,1198328.39452,5635.522044
1006,603054.80414,3475.10153,020,14,603054.76669,3475.101374
1007,2938996.77035,7838.04605,016,67,2938996.77188,7838.045845
1008,1163954.92896,5748.395,020,27,1163954.93755,5748.395074
1009,15502432.85903,33750.76721,016,356,15502433.20526,33750.767181
1010,7195892.5719,10860.25982,038,165,7195892.59507,10860.259761
1011,7104511.73105,11801.03072,038,163,7104511.87497,11801.030974
1012,181272614.55214,129224.3731,038,4161,181272615.42583,129224.372913
1013,7806066.07127,18940.54912,007,179,7806065.93541,18940.549016
1014,8815223.6713,12325.1706,090,202,8815223.62144,12325.170225
1015,12248894.1659,48022.84252,016,281,12248894.31144,48022.842536
1016,1082273.17541,6375.8582,017,25,1082273.18555,6375.857836
1017,54646907.32606,50225.20887,016,1255,54646907.48764,50225.208334
1018,15520585.46906,33879.189,016,356,15520585.54618,33879.188404
1019,6155043.67085,29947.60954,017,141,6155043.94755,29947.609654
1020,1993775.24946,5467.97246,009,46,1993775.40965,5467.97251
1021,5687731.67041,12282.40528,002,131,5687731.73335,12282.405199
1022,45380773.00321,77208.95734,002,1042,45380772.6067,77208.958647
1023,2049383.66631,5782.42009,002,47,2049383.75253,5782.420263
1024,1147158.21041,5962.57124,017,26,1147158.24119,5962.57158
1025,1498310.98018,4657.66829,013,34,1498310.96134,4657.668328
1026,2082787.43479,11513.04202,017,48,2082787.44217,11513.041908
1027,372078.48889,2448.90246,016,9,372078.51654,2448.902515
1028,1102443.181,4581.92623,007,25,1102443.24046,4581.926302
1029,605415.14045,3423.42225,013,14,605415.13546,3423.422239
1030,8122944.59685,13291.42508,014,186,8122944.58819,13291.425046
1031,330838.88903,3354.6942,002,8,330838.86457,3354.694077
1032,2530059.06736,9001.44324,016,58,2530059.08555,9001.443304
1033,3945483.3699,8071.61467,006,91,3945483.31504,8071.614666
1034,27337231.41541,29442.5991,004,628,27337231.57796,29442.598975
1035,1076908.96386,4498.20752,020,25,1076908.96132,4498.207602
1036,9844553.32612,25134.72795,009,226,9844553.32153,25134.728363
1037,2084623.59291,6260.34775,003,48,2084623.63188,6260.347869
1038,32568491.0795,35806.46416,017,748,32568490.95786,35806.46409
1039,10558209.37389,18570.17121,003,242,10558209.44214,18570.170987
1040,7065419.05247,17189.4807,002,162,7065419.0915,17189.481252
1041,3026540.88903,8802.97395,016,69,3026540.77303,8802.974192
1042,9452615.86817,22444.59004,002,217,9452615.70533,22444.589572
1043,17002638.45024,39121.23911,007,390,17002638.5419,39121.239331
1044,2532369.07905,10095.66626,013,58,2532368.89235,10095.666266
1045,5945819.39565,10589.30615,002,136,5945819.43336,10589.306177
1046,25583123.09904,36383.99817,002,587,25583123.10952,36383.997593
1047,7710675.39768,24525.93559,017,177,7710675.06601,24525.935266
1048,327602.78452,2523.17982,020,8,327602.81848,2523.179881
1049,2175828.71624,7770.37741,006,50,2175828.70249,7770.377571
1050,501383.29076,2856.69044,013,12,501383.35702,2856.690387
1051,11220976.71469,22648.97277,016,258,11220976.85028,22648.973007
1052,1500193.82009,7628.1326,016,34,1500193.77735,7628.132506
1053,337392.851,2285.12015,002,8,337392.83752,2285.119994
1054,772848.20353,4448.37436,002,18,772848.14281,4448.374205
1055,4734093.57318,10480.04159,013,109,4734093.18991,10480.041024
1056,4335289.93033,9762.06083,016,100,4335289.95977,9762.061259
1057,1311167.29712,5416.01396,012,30,1311167.37956,5416.014229
1058,188151755.37749,177766.18114,003,4319,188151754.90008,177766.181215
1059,1435870.89331,11080.81315,017,33,1435871.04197,11080.813154
1060,3783312.62622,11618.37453,013,87,3783312.48014,11618.374605
1061,5338459.94217,9140.84546,007,123,5338460.11584,9140.845952
1062,1269532.14391,4458.04182,007,29,1269532.17242,4458.041978
1063,316067790.3674,117015.56245,013,7256,316067790.43578,117015.562388
1064,1633632.03801,7799.26401,014,38,1633632.20455,7799.264017
1065,1107487.32566,4656.39974,006,25,1107487.27079,4656.399799
1066,1182263.59375,5414.87675,010,27,1182263.54143,5414.87691
1067,359698374.31808,169211.46489,003,8258,359698374.58508,169211.4647
1068,3058646.39303,9305.84975,016,70,3058646.4588,9305.849709
1069,21321379.88623,32209.05934,009,489,21321379.93902,32209.059109
1070,3095779.40783,12936.23873,020,71,3095779.55444,12936.238026
1071,24231635.63632,30695.3975,007,556,24231635.5764,30695.397321
1072,5859575.17656,11375.80362,009,135,5859574.9554,11375.803613
1073,34490833.9637,26143.72908,013,792,34490834.26323,26143.729505
1074,16010347.35488,21905.36958,012,368,16010347.36385,21905.369539
1075,2344343.01755,6822.13654,007,54,2344342.87956,6822.136792
1076,21417293.63478,29948.18419,002,492,21417293.6574,29948.184793
1077,10774009.05487,29903.47091,017,247,10774009.2373,29903.470793
1078,10679443.38452,37995.31476,002,245,10679443.1083,37995.314189
1079,6794958.70223,17973.00027,016,156,6794958.65029,17973.000207
1080,24759388.70659,38013.96354,002,568,24759388.85827,38013.964071
1081,26602312.08978,44658.63146,017,611,26602311.82434,44658.631366
1082,6051863.44376,12498.2135,013,139,6051863.61329,12498.213772
1083,3490536.73606,11831.89895,002,80,3490536.73744,11831.898915
1084,89043426.50388,84979.76473,004,2044,89043426.41498,84979.764314
1085,591740.40127,3200.24637,010,14,591740.43573,3200.246373
1086,65773501.94135,67781.40032,090,1510,65773501.78086,67781.400419
1087,3416359.85139,17126.31834,016,78,3416359.83913,17126.318089
1088,2902911.77414,10363.4075,020,67,2902911.85297,10363.407524
1089,38043056.86752,32105.52494,006,873,38043056.40243,32105.524391
1090,691509.68558,3615.22216,013,16,691509.64776,3615.222437
1091,4758626.004,12427.77189,004,109,4758626.06158,12427.771888
1092,3136723.68541,10328.84858,004,72,3136723.71441,10328.848845
1093,4654281.61627,12484.67206,014,107,4654281.73227,12484.672121
1094,1053564.53151,6182.26994,017,24,1053564.60635,6182.269783
1095,3837392.01738,10288.4073,002,88,3837392.03187,10288.407051
1096,6665179.40614,11016.73047,002,153,6665179.53391,11016.730541
1097,1523321.40629,8534.28043,007,35,1523321.42512,8534.28071
1098,3701319.76903,9711.92955,006,85,3701319.77545,9711.929249
1099,2472076.55483,8134.03172,006,57,2472076.54674,8134.031782
1100,3943912.96007,13516.36316,006,91,3943913.0016,13516.363155
1101,20223722.27322,56577.77343,017,464,20223722.02086,56577.774234
1102,32424997.55146,53524.21226,002,744,32424998.18289,53524.212778
1103,581405.1732,3259.27818,020,13,581405.15218,3259.27826
1104,3517220.35255,20149.92921,017,81,3517220.4813,20149.929436
1105,3078070.37609,11498.36986,016,71,3078070.33255,11498.370166
1106,10973040.72227,13909.57878,002,252,10973040.76366,13909.578531
1107,10085046.15781,17401.46586,009,232,10085046.12131,17401.465637
1108,3030118.29692,6502.02421,003,70,3030118.32211,6502.024215
1109,4030904.77568,10554.82183,009,93,4030904.66616,10554.821518
1110,18926223.35862,36767.30318,007,434,18926223.04549,36767.302931
1111,462411.80579,2866.52182,002,11,462411.84183,2866.522065
1112,41182380.81933,54622.93599,016,945,41182380.86308,54622.936356
1113,1283188.99223,10255.49898,017,29,1283188.79529,10255.49926
1114,9557236.01623,15813.67191,013,219,9557236.24744,15813.671935
1115,812357.49529,4599.83587,014,19,812357.46565,4599.836074
1116,36378552.59516,59486.37203,007,835,36378552.67495,59486.372391
1117,1089929.92453,7123.27156,016,25,1089930.00687,7123.271255
1118,13640777.27914,30035.91972,013,313,13640777.24122,30035.919865
1119,1873699.92092,10749.51558,006,43,1873699.86328,10749.51543
1120,6153219.70888,12099.24381,004,141,6153219.58895,12099.243883
1121,65734339.19688,44106.82709,013,1509,65734338.76437,44106.82645
1122,7621532.53498,15391.99249,007,175,7621532.475,15391.992499
1123,10102700.26978,30216.64473,016,232,10102700.1669,30216.644484
1124,11537484.75328,19911.65811,089,265,11537484.70575,19911.658442
1125,7511556.03294,25289.78897,006,172,7511556.08876,25289.789159
1126,19259937.23216,22545.47397,008,442,19259937.14613,22545.473618
1127,9013188.57988,13252.47221,002,207,9013188.65254,13252.472373
1128,3502353.89265,9375.6474,006,80,3502353.82397,9375.647305
1129,96899187.44852,78355.38757,016,2224,96899187.10665,78355.387139
1130,155191710.75904,173081.18821,012,3563,155191710.75154,173081.188372
1131,3462594.65865,10882.79185,017,79,3462594.63539,10882.792048
1132,659487.70787,4836.52448,015,15,659487.82206,4836.524732
1133,4922649.32219,10494.66344,002,113,4922649.50137,10494.663343
1134,1637308.14384,8216.96357,017,38,1637308.26703,8216.963755
1135,91342221.44462,126852.97637,007,2097,91342221.12206,126852.975904
1136,1212452.45758,4638.88702,002,28,1212452.44984,4638.886743
1137,400518562.21441,253923.99413,009,9195,400518562.28901,253923.992386
1138,8882778.42008,13219.92425,017,204,8882778.45031,13219.92425
1139,4169722.21709,8570.48924,014,96,4169722.23296,8570.489084
1140,1366229.13916,5619.50534,016,31,1366229.10667,5619.505545
1141,2202052.54074,6664.55065,004,51,2202052.55141,6664.550554
1142,887136.74842,5516.29734,017,20,887136.71309,5516.29726
1143,2896557.34334,11349.76482,009,66,2896557.38482,11349.764891
1144,19090581.84195,30186.20709,012,438,19090582.22813,30186.206974
1145,45009588.62956,32493.4766,009,1033,45009588.3901,32493.476513
1146,6709476.33919,15739.82686,017,154,6709476.36997,15739.827135
1147,16380018.3625,21300.52817,020,376,16380018.20831,21300.528574
1148,12157758.45209,20007.68311,009,279,12157758.25224,20007.682998
1149,27092488.37962,30163.20708,003,622,27092488.42551,30163.207352
1150,39728649.54019,62738.98213,002,912,39728649.55002,62738.98039
1151,64244126.83685,61537.16494,002,1475,64244126.43489,61537.163824
1152,7398361.30855,10562.50848,013,170,7398361.34747,10562.50866
1153,6795530.42081,16310.55957,006,156,6795530.28196,16310.559655
1154,36558895.878,42155.24722,008,839,36558895.70755,42155.247337
1155,4253301.98466,7724.11444,003,98,4253302.20631,7724.114655
1156,1171043.61046,6582.99068,013,27,1171043.59457,6582.990867
1157,548913.02819,3415.44626,007,13,548913.05732,3415.446473
1158,344819.59026,2946.75111,009,8,344819.56497,2946.751067
1159,970175.03532,5304.27034,017,22,970175.07913,5304.270619
1160,119635823.7819,182319.46671,016,2746,119635823.78157,182319.466356
1161,1532039.15973,9750.77861,016,35,1532039.06364,9750.778429
1162,1833641.48755,8587.30227,002,42,1833641.57246,8587.302417
1163,1139443.62144,4231.01651,012,26,1139443.71238,4231.017155
1164,1751171.44307,5919.41936,006,40,1751171.48002,5919.419614
1165,9897513.3831,16010.26455,013,227,9897513.33416,16010.264575
1166,859477.55192,3477.82934,006,20,859477.56845,3477.829442
1167,125946660.02638,108957.62759,013,2891,125946660.27345,108957.627087
1168,2678784.20521,7345.65021,017,61,2678784.17995,7345.650231
1169,423976.9176,2671.76539,013,10,423976.93554,2671.765217
1170,32571856.45205,39946.05961,007,748,32571856.58542,39946.059367
1171,3227361.56589,13656.92721,017,74,3227361.58138,13656.927209
1172,9765091.06552,23633.78034,012,224,9765091.22726,23633.780706
1173,1794388.62953,7190.30272,007,41,1794388.62516,7190.302535
1174,990085.36166,6302.42328,002,23,990085.41504,6302.423196
1175,5132012.49986,11555.48847,013,118,5132012.23668,11555.488947
1176,762616.11463,4695.86714,013,18,762616.16459,4695.866923
1177,6672265.93747,12045.9935,007,153,6672265.82852,12045.993643
1178,1241282.77308,4737.16363,002,28,1241282.84326,4737.163558
1179,52307744.688,33424.97577,013,1201,52307744.90636,33424.975878
1180,1311573.94359,9127.42559,017,30,1311574.02765,9127.425836
1181,148044338.39979,103650.56789,029,3399,148044337.91457,103650.56857
1182,1752915.57296,6532.72224,006,40,1752915.56239,6532.72236
1183,3864854.79699,13104.11179,016,89,3864854.83663,13104.11157
1184,12216983.25237,18566.98444,013,280,12216983.1745,18566.984308
1185,1312104.57921,6363.80486,008,30,1312104.56419,6363.804731
1186,82313573.94139,65836.22361,014,1890,82313573.62084,65836.224137
1187,781343.56407,5910.69557,013,18,781343.65445,5910.695899
1188,1254204.21571,5043.90015,007,29,1254204.25416,5043.900095
1189,2254087.56929,11721.95731,007,52,2254087.67555,11721.95764
1190,33636518.10663,61656.84721,016,772,33636518.73188,61656.847506
1191,14735478.33905,17758.04568,002,338,14735478.36537,17758.045791
1192,4732573.01035,10447.54463,006,109,4732572.88153,10447.544391
1193,25509106.97543,29077.70508,006,586,25509107.05397,29077.705028
1194,1009702.97008,4796.80879,015,23,1009702.90168,4796.808679
1195,3007816.15713,13088.12212,015,69,3007816.06652,13088.122313
1196,39945686.46481,33312.49455,017,917,39945686.25134,33312.495037
1197,1308948.15951,4695.9986,012,30,1308948.11096,4695.998533
1198,13686067.96918,27892.21183,013,314,13686067.87727,27892.211221
1199,4391933.0387,11168.62529,002,101,4391933.09141,11168.6254
1200,2190849.88508,8313.54244,002,50,2190849.80941,8313.542281
1201,1656516.39626,5508.43911,013,38,1656516.40906,5508.439528
1202,2481822.55989,14148.56586,016,57,2481822.71778,14148.565706
1203,1919054.7169,7038.91013,017,44,1919054.74067,7038.910126
1204,1183156.33105,5358.20599,014,27,1183156.26659,5358.20585
1205,1239892.63516,5470.21045,013,28,1239892.65093,5470.210487
1206,4005217.61851,10369.9838,002,92,4005217.688,10369.983756
1207,100993248.67436,74147.52179,003,2318,100993248.71892,74147.52235
1208,131899243.0762,57412.09287,023,3028,131899243.27362,57412.09292
1209,7172494.82104,19212.65041,007,165,7172494.89535,19212.650455
1210,11895116.4895,35132.03707,002,273,11895116.33051,35132.037469
1211,1736083.23934,8143.74102,016,40,1736083.12121,8143.741265
1212,2994989.15238,8628.73725,017,69,2994988.9657,8628.736784
1213,1240204578.52642,465627.12484,013,28471,1240204578.12384,465627.12494
1214,4041010.19246,11993.17137,016,93,4041010.08427,11993.171247
1215,1148695.1364,7097.06979,016,26,1148695.15411,7097.069474
1216,1699934.39349,6336.92833,002,39,1699934.42996,6336.928328
1217,2261609.61321,7439.98185,006,52,2261609.72644,7439.981803
1218,946755.68729,4593.34156,013,22,946755.69911,4593.341327
1219,30748059.51403,36955.61328,002,706,30748059.42063,36955.613251
1220,3409288.84004,10945.07153,002,78,3409288.84944,10945.071674
1221,7678147.7521,11186.45148,002,176,7678147.7302,11186.451661
1222,7567773.76908,16117.33725,002,174,7567773.7838,16117.337326
1223,5886262.37106,18391.78168,017,135,5886262.25913,18391.781639
1224,679972.63687,3630.88204,002,16,679972.62981,3630.881928
1225,6562010.1174,12541.55676,012,151,6562009.95996,12541.556639
1226,965587.68009,4052.9189,002,22,965587.72216,4052.918863
1227,4432631.32232,11700.68248,002,102,4432631.28212,11700.682932
1228,14000172.37868,15369.9869,013,321,14000172.8669,15369.986919
1229,7853912.2543,13782.27603,013,180,7853911.86843,13782.275674
1230,4019151.46642,11438.47719,017,92,4019151.45222,11438.476884
1231,5262730.88448,10992.79304,016,121,5262730.43413,10992.792267
1232,5502126.82893,10033.00366,002,126,5502126.62659,10033.003407
1233,976160.44346,4443.88398,017,22,976160.4564,4443.883881
1234,2834473.98817,12191.67465,012,65,2834474.14444,12191.674549
1235,1082888.24709,4938.53134,007,25,1082888.30593,4938.5312
1236,2951950.75364,7034.99212,007,68,2951950.77073,7034.992335
1237,1157108.4711,4128.13103,009,27,1157108.5324,4128.131174
1238,832871.29318,4373.42097,006,19,832871.34298,4373.420775
1239,2798112.61427,13661.71482,016,64,2798112.50457,13661.714472
1240,130983526.26552,60576.34194,013,3007,130983526.57441,60576.342388
1241,1330502.7119,8117.21871,016,31,1330502.61564,8117.218623
1242,8166491.88441,11160.9241,017,187,8166492.0147,11160.924221
1243,2975937.88139,9404.83227,017,68,2975937.81622,9404.832049
1244,3247432.09065,8711.62605,002,75,3247432.12342,8711.62612
1245,1085524.96395,6225.316,017,25,1085525.14867,6225.316253
1246,436191.33201,3109.89628,017,10,436191.40965,3109.89639
1247,2558834.66709,7804.24763,006,59,2558834.75338,7804.247664
1248,22978111.91973,93145.17196,016,528,22978111.66072,93145.171428
1249,2291215.62033,9608.97696,012,53,2291215.7595,9608.977141
1250,103436398.30547,98807.67799,002,2375,103436398.23725,98807.676787
1251,2163034.90157,9256.09378,016,50,2163034.74451,9256.093592
1252,1563090.6614,5368.28188,002,36,1563090.78258,5368.281876
1253,683326.42047,4107.246,013,16,683326.44248,4107.246144
1254,13480883.718,17514.45812,003,309,13480883.76804,17514.457917
1255,823396968.44352,308720.82677,010,18903,823396968.27597,308720.825941
1256,1092867.9955,6066.5404,002,25,1092868.01135,6066.540187
1257,65380637.58593,100398.98761,003,1501,65380637.85446,100398.987437
1258,359633.09967,2588.9068,020,8,359633.13669,2588.906805
1259,1664855.75762,5167.61513,009,38,1664855.71969,5167.615191
1260,14423040.53322,15979.29581,002,331,14423040.74421,15979.295671
1261,1555093.47387,9697.84175,007,36,1555093.58056,9697.842182
1262,91766782.93677,101847.88388,003,2107,91766782.57002,101847.884178
1263,1581604.00521,9703.06531,017,36,1581604.00669,9703.065446
1264,146656837.0604,51845.7025,013,3367,146656836.87603,51845.703071
1265,8574095.558,21859.26556,002,197,8574095.55311,21859.265715
1266,10314744.77827,21738.06203,002,237,10314744.85239,21738.062587
1267,9491883.85068,12826.63834,003,218,9491883.78355,12826.638388
1268,12541154.66728,18610.00305,007,288,12541154.61376,18610.002987
1269,4054444.63708,8428.14564,007,93,4054444.62245,8428.145588
1270,5647014.62231,12732.31935,003,130,5647014.70619,12732.319495
1271,24132469.42701,22655.55827,016,554,24132469.48602,22655.558499
1272,79912354.38231,61106.95514,006,1835,79912354.28109,61106.955512
1273,5345804.39857,12437.21824,009,123,5345804.37591,12437.218647
1274,8112513.76592,23417.55307,017,186,8112513.57092,23417.552985
1275,6089969.21545,16181.82306,013,140,6089969.40122,16181.823174
1276,2090805.20143,5923.57465,007,48,2090805.22192,5923.574809
1277,2255222.74087,7971.19887,007,52,2255222.84535,7971.199201
1278,296744.24902,2210.59334,002,7,296744.27033,2210.59325
1279,361264.02272,2248.83491,004,8,361264.00085,2248.834877
1280,121946991.44157,134713.55644,017,2800,121946991.26851,134713.557983
1281,1188226.88699,4460.78812,013,27,1188226.95597,4460.788207
1282,1150503.06843,5128.30499,004,26,1150503.08618,5128.304854
1283,90787898.23198,119859.44992,003,2084,90787897.88258,119859.450248
1284,921678.41826,3997.93176,008,21,921678.41091,3997.931975
1285,1242902.20301,5570.41572,006,29,1242902.22888,5570.415958
1286,924129.99279,4302.52013,016,21,924130.00572,4302.520175
1287,109862004.53606,74818.16823,002,2522,109862004.6037,74818.168847
1288,86320499.95555,144691.47088,014,1982,86320499.77911,144691.47034
1289,19635981.85912,24038.85697,089,451,19635982.09404,24038.856827
1290,2549117.99018,13802.88208,017,59,2549118.03202,13802.881722
1291,11090779.53437,22765.08074,016,255,11090779.44574,22765.081432
1292,21141266.29779,24434.61873,002,485,21141266.24089,24434.618711
1293,11188931.2734,14829.88608,016,257,11188931.08756,14829.886108
1294,5172954.12708,18840.73708,006,119,5172954.08432,18840.737632
1295,5022242.43581,14803.81097,002,115,5022242.67154,14803.81103
1296,16797356.56665,25304.74065,004,386,16797356.70236,25304.74018
1297,3882224.29993,8473.21502,003,89,3882224.28067,8473.215055
1298,8196199.82256,20592.54325,002,188,8196199.86121,20592.543132
1299,13715506.17314,19552.71985,003,315,13715506.08752,19552.71989
1300,1180364.5535,5180.10692,002,27,1180364.43685,5180.10697
1301,1375649.21583,9786.68242,006,32,1375649.0163,9786.682299
1302,3360703.50681,8211.62537,016,77,3360703.4875,8211.625234
1303,5010176.77331,10374.66878,002,115,5010176.70848,10374.668863
1304,1792097.86662,5609.21221,007,41,1792097.83053,5609.212097
1305,21461516.1905,37536.86398,007,493,21461516.27893,37536.863652
1306,760188.23976,4354.64612,007,17,760188.20708,4354.646171
1307,2123727.73615,7596.07915,014,49,2123727.77841,7596.079086
1308,6632592.6531,17474.01922,007,152,6632592.64781,17474.019715
1309,67086768.42417,73700.80115,003,1540,67086767.92692,73700.801077
1310,4114070.64574,9133.27058,007,94,4114070.67446,9133.270604
1311,59033585.89484,86149.76265,003,1355,59033586.21354,86149.763298
1312,1534987.54629,5421.07947,008,35,1534987.52175,5421.079536
1313,178526688.60414,212897.44574,003,4098,178526689.80161,212897.444397
1314,1629389.74331,6622.54499,006,37,1629389.6785,6622.544934
1315,1968914.28462,7120.63055,016,45,1968914.2906,7120.63047
1316,478224.87266,3037.87934,013,11,478224.83969,3037.879364
1317,1332220.89896,5622.29902,013,31,1332220.9484,5622.299359
1318,65574954.9199,139174.998,017,1505,65574954.17909,139174.998259
1319,2002597.36239,6150.96053,011,46,2002597.45735,6150.960806
1320,2022472.07469,8097.44562,013,46,2022471.88362,8097.44538
1321,407836.80149,3117.66832,006,9,407836.83798,3117.668357
1322,416769893.50304,316623.99118,003,9568,416769893.14266,316623.991748
1323,66527831.50329,95155.11585,002,1527,66527831.78854,95155.115884
1324,772383.80689,4988.70548,016,18,772383.77775,4988.705299
1325,1222292.7444,4673.5287,007,28,1222292.73864,4673.528646
1326,8765954.57332,13609.7649,090,201,8765954.51998,13609.764867
1327,129533820.22628,90360.52596,016,2974,129533820.2011,90360.525897
1328,1230376.8795,4693.92881,002,28,1230377.02106,4693.928923
1329,48897760.89092,52765.49357,017,1123,48897760.61143,52765.493766
1330,24237402.69974,33749.62115,002,556,24237402.66487,33749.621341
1331,2139153.91652,11106.66648,017,49,2139153.88843,11106.666427
1332,1944992.97361,7103.56566,013,45,1944993.07953,7103.565779
1333,6309072.28741,17968.45529,003,145,6309072.40718,17968.455181
1334,5128105.82377,12164.06811,013,118,5128105.87727,12164.068542
1335,10172516.08988,14404.6958,020,234,10172515.98497,14404.695927
1336,10698300.49493,34593.66493,016,246,10698300.50373,34593.664777
1337,2820448.62797,7291.57814,020,65,2820448.67828,7291.578054
1338,3941933.19129,9095.21765,016,90,3941932.95145,9095.217552
1339,13246400.64946,16970.64665,009,304,13246400.73545,16970.646078
1340,4543999.80911,9364.82104,002,104,4543999.98634,9364.821078
1341,9164062.74852,21666.21103,014,210,9164062.90354,21666.21097
1342,18127147.13863,17142.9366,016,416,18127147.19674,17142.936502
1343,4662992.74923,10296.45383,012,107,4662992.62421,10296.453897
1344,1014312.63745,4172.54412,007,23,1014312.69594,4172.544167
1345,92174725.59641,91151.95478,007,2116,92174724.74043,91151.954708
1346,24920868.10871,27564.26452,010,572,24920867.70426,27564.264511
1347,4751134.12155,12210.15456,007,109,4751134.05488,12210.154399
1348,235036121.30233,135162.95851,002,5396,235036121.15351,135162.958763
1349,3634272.69702,13541.26978,017,83,3634272.56122,13541.270126
1350,1340551.88172,5542.61722,006,31,1340551.83823,5542.617334
1351,612110.29662,3481.28654,016,14,612110.43161,3481.286617
1352,6675852.29291,15771.76409,013,153,6675852.36262,15771.763778
1353,16942463.72747,32234.17536,003,389,16942463.72007,32234.17504
1354,1490615.4119,4571.43423,002,34,1490615.48445,4571.434196
1355,3115293.25614,8906.34189,007,72,3115293.32712,8906.342175
1356,1557240.73111,5691.45253,002,36,1557240.75188,5691.452371
1357,891955.68593,3900.71587,006,20,891955.68314,3900.71584
1358,638577.28648,4629.43036,016,15,638577.28028,4629.430173
1359,13844008.80723,24849.10271,013,318,13844008.71711,24849.102845
1360,14029291.40296,17884.64859,009,322,14029291.58808,17884.648506
1361,32653995.71181,29849.35694,017,750,32653995.76694,29849.356777
1362,4288238.85349,14022.44443,017,98,4288238.61989,14022.444204
1363,3847480.9786,9096.86007,002,88,3847480.8943,9096.860072
1364,12208498.64077,17818.5096,003,280,12208498.94185,17818.509749
1365,522215.45741,2860.26415,002,12,522215.46766,2860.264198
1366,1469980.02687,5205.56264,017,34,1469980.03401,5205.562407
1367,8089751.73485,20748.60539,016,186,8089751.80833,20748.605482
1368,18145380.91798,19321.98277,006,417,18145380.87582,19321.982627
1369,6780291.39121,17151.19695,016,156,6780291.42253,17151.197271
1370,20564109.23544,32278.47795,016,472,20564109.31385,32278.47818
1371,40725666.04759,28458.1078,013,935,40725666.19055,28458.107755
1372,733707.31176,3254.7457,003,17,733707.38963,3254.745736
1373,49238733.43391,35921.27711,003,1130,49238733.6484,35921.277125
1374,14009066.53363,20784.27658,013,322,14009066.8424,20784.275996
1375,79217541.07032,79582.22547,006,1819,79217540.7651,79582.225039
1376,28156248.23606,28976.7396,014,646,28156248.26571,28976.739411
1377,2401892.59116,6313.71884,009,55,2401892.5253,6313.718642
1378,9027432.82506,28303.84554,017,207,9027432.74266,28303.84589
1379,33810308.72291,29665.32806,012,776,33810308.5556,29665.327714
1380,1301342.33907,4490.29532,013,30,1301342.2311,4490.295133
1381,15464912.70445,34882.70911,016,355,15464912.73684,34882.709504
1382,4254599.18663,15285.41272,017,98,4254599.02527,15285.413111
1383,2486996.29941,6250.1087,020,57,2486996.19355,6250.108638
1384,10872824.20244,17242.08062,009,250,10872824.13506,17242.080771
1385,1189164.89656,6433.09458,016,27,1189164.98365,6433.094399
1386,1620068.5041,6793.66966,017,37,1620068.28375,6793.670204
1387,1775128.97376,6471.71554,013,41,1775128.99911,6471.715451
1388,1875588.37573,6354.28171,003,43,1875588.32725,6354.281547
1389,17084445.97366,18356.17684,013,392,17084445.75907,18356.176531
1390,12735745.25043,18662.83879,003,292,12735745.21416,18662.838716
1391,17922312.30357,21995.06721,012,411,17922312.47404,21995.067426
1392,31204676.04112,70546.72221,016,716,31204676.436,70546.722174
1393,16044074.22108,23359.21692,013,368,16044074.45931,23359.216211
1394,35085765.14462,40512.62466,013,805,35085764.79874,40512.624399
1395,260684733.04971,85054.40855,014,5984,260684733.537,85054.408953
1396,4428858.44255,13068.35129,014,102,4428858.50609,13068.351026
1397,2643952.13097,10432.67444,013,61,2643952.12999,10432.67481
1398,1283486.62211,5136.65576,003,29,1283486.51001,5136.655673
1399,229594616.92349,122289.02621,004,5271,229594617.29153,122289.026414
1400,350213.76774,2673.38936,020,8,350213.72497,2673.389598
1401,296386256.55582,181087.70441,002,6804,296386256.96579,181087.706472
1402,2114068.51449,6123.2993,006,49,2114068.59932,6123.299209
1403,2169717.76762,8389.2476,006,50,2169717.69454,8389.24753
1404,1254274.29491,5385.36038,017,29,1254274.33982,5385.360466
1405,1426760.16967,6050.30362,013,33,1426760.20411,6050.303767
1406,8374599.04118,15068.9543,002,192,8374599.05962,15068.954592
1407,1128254.27751,4884.52744,006,26,1128254.36255,4884.527425
1408,1882920.22892,7250.03824,002,43,1882920.25399,7250.038343
1409,985393.43002,5881.44993,013,23,985393.38318,5881.450237
1410,3327591.46751,9580.77389,017,76,3327591.57842,9580.774213
1411,80486329.99091,37057.65811,041,1848,80486330.22491,37057.658297
1412,4082565.21208,15780.13229,016,94,4082565.10497,15780.132366
1413,4904228.61914,9697.66143,016,113,4904228.67878,9697.661543
1414,5233331.33743,16486.47041,013,120,5233331.30395,16486.469787
1415,13874190.73863,18228.25135,013,319,13874190.80717,18228.251149
1416,14429661.07252,22291.59207,090,331,14429661.00093,22291.592358
1417,2117079.92745,8435.17655,013,49,2117079.93818,8435.176707
1418,9208301.70857,17404.05183,002,211,9208301.76582,17404.051781
1419,87055327.3079,55592.01512,009,1999,87055327.81647,55592.015379
1420,17262309.47114,33091.57341,009,396,17262309.67614,33091.5734
1421,19098909.15307,34065.56836,017,438,19098908.92535,34065.56832
